Site,Parameter,Date (LT),Year,Month,Day,Hour,NowCast Conc.,AQI,AQI Category,Raw Conc.,Conc. Unit,Duration,QC Name
Astana,PM2.5 - Principal,2024-04-01 12:00 AM,2024,04,01,00,11.3,47,Good,13.0,UG/M3,1 Hr,Valid
Astana,PM2.5 - Principal,2024-04-01 01:00 AM,2024,04,01,01,10.7,45,Good,10.0,UG/M3,1 Hr,Valid
Astana,PM2.5 - Principal,2024-04-01 02:00 AM,2024,04,01,02,9.4,39,Good,8.0,UG/M3,1 Hr,Valid
Astana,PM2.5 - Principal,2024-04-01 03:00 AM,2024,04,01,03,10.2,43,Good,11.0,UG/M3,1 Hr,Valid
Astana,PM2.5 - Principal,2024-04-01 04:00 AM,2024,04,01,04,10.5,44,Good,11.0,UG/M3,1 Hr,Valid
Astana,PM2.5 - Principal,2024-04-01 05:00 AM,2024,04,01,05,12.0,50,Good,14.0,UG/M3,1 Hr,Valid
Astana,PM2.5 - Principal,2024-04-01 06:00 AM,2024,04,01,06,10.7,45,Good,9.0,UG/M3,1 Hr,Valid
Astana,PM2.5 - Principal,2024-04-01 07:00 AM,2024,04,01,07,9.5,40,Good,8.0,UG/M3,1 Hr,Valid
Astana,PM2.5 - Principal,2024-04-01 08:00 AM,2024,04,01,08,9.7,40,Good,10.0,UG/M3,1 Hr,Valid
Astana,PM2.5 - Principal,2024-04-01 09:00 AM,2024,04,01,09,9.4,39,Good,9.0,UG/M3,1 Hr,Valid
Astana,PM2.5 - Principal,2024-04-01 10:00 AM,2024,04,01,10,13.6,54,Moderate,18.0,UG/M3,1 Hr,Valid
Astana,PM2.5 - Principal,2024-04-01 11:00 AM,2024,04,01,11,12.3,51,Moderate,11.0,UG/M3,1 Hr,Valid
Astana,PM2.5 - Principal,2024-04-01 12:00 PM,2024,04,01,12,13.1,53,Moderate,14.0,UG/M3,1 Hr,Valid
Astana,PM2.5 - Principal,2024-04-01 01:00 PM,2024,04,01,13,11.5,48,Good,10.0,UG/M3,1 Hr,Valid
Astana,PM2.5 - Principal,2024-04-01 02:00 PM,2024,04,01,14,10.7,45,Good,10.0,UG/M3,1 Hr,Valid
Astana,PM2.5 - Principal,2024-04-01 03:00 PM,2024,04,01,15,11.3,47,Good,12.0,UG/M3,1 Hr,Valid
Astana,PM2.5 - Principal,2024-04-01 04:00 PM,2024,04,01,16,11.1,46,Good,11.0,UG/M3,1 Hr,Valid
Astana,PM2.5 - Principal,2024-04-01 05:00 PM,2024,04,01,17,11.5,48,Good,12.0,UG/M3,1 Hr,Valid
Astana,PM2.5 - Principal,2024-04-01 06:00 PM,2024,04,01,18,12.8,52,Moderate,14.0,UG/M3,1 Hr,Valid
Astana,PM2.5 - Principal,2024-04-01 07:00 PM,2024,04,01,19,13.4,54,Moderate,14.0,UG/M3,1 Hr,Valid
Astana,PM2.5 - Principal,2024-04-01 08:00 PM,2024,04,01,20,13.7,54,Moderate,14.0,UG/M3,1 Hr,Valid
Astana,PM2.5 - Principal,2024-04-01 09:00 PM,2024,04,01,21,14.2,55,Moderate,15.0,UG/M3,1 Hr,Valid
Astana,PM2.5 - Principal,2024-04-01 10:00 PM,2024,04,01,22,13.9,55,Moderate,14.0,UG/M3,1 Hr,Valid
Astana,PM2.5 - Principal,2024-04-01 11:00 PM,2024,04,01,23,15.2,58,Moderate,17.0,UG/M3,1 Hr,Valid
Astana,PM2.5 - Principal,2024-04-02 12:00 AM,2024,04,02,00,14.7,56,Moderate,14.0,UG/M3,1 Hr,Valid
Astana,PM2.5 - Principal,2024-04-02 01:00 AM,2024,04,02,01,14.8,57,Moderate,15.0,UG/M3,1 Hr,Valid
Astana,PM2.5 - Principal,2024-04-02 02:00 AM,2024,04,02,02,14.1,55,Moderate,13.0,UG/M3,1 Hr,Valid
Astana,PM2.5 - Principal,2024-04-02 03:00 AM,2024,04,02,03,13.4,54,Moderate,12.0,UG/M3,1 Hr,Valid
Astana,PM2.5 - Principal,2024-04-02 04:00 AM,2024,04,02,04,12.5,52,Moderate,11.0,UG/M3,1 Hr,Valid
Astana,PM2.5 - Principal,2024-04-02 05:00 AM,2024,04,02,05,12.7,52,Moderate,13.0,UG/M3,1 Hr,Valid
Astana,PM2.5 - Principal,2024-04-02 06:00 AM,2024,04,02,06,12.1,51,Moderate,11.0,UG/M3,1 Hr,Valid
Astana,PM2.5 - Principal,2024-04-02 07:00 AM,2024,04,02,07,13.1,53,Moderate,15.0,UG/M3,1 Hr,Valid
Astana,PM2.5 - Principal,2024-04-02 08:00 AM,2024,04,02,08,13.0,53,Moderate,13.0,UG/M3,1 Hr,Valid
Astana,PM2.5 - Principal,2024-04-02 09:00 AM,2024,04,02,09,13.7,54,Moderate,15.0,UG/M3,1 Hr,Valid
Astana,PM2.5 - Principal,2024-04-02 10:00 AM,2024,04,02,10,16.6,60,Moderate,20.0,UG/M3,1 Hr,Valid
Astana,PM2.5 - Principal,2024-04-02 11:00 AM,2024,04,02,11,18.8,65,Moderate,21.0,UG/M3,1 Hr,Valid
Astana,PM2.5 - Principal,2024-04-02 12:00 PM,2024,04,02,12,17.4,62,Moderate,16.0,UG/M3,1 Hr,Valid
Astana,PM2.5 - Principal,2024-04-02 01:00 PM,2024,04,02,13,17.7,63,Moderate,18.0,UG/M3,1 Hr,Valid
Astana,PM2.5 - Principal,2024-04-02 02:00 PM,2024,04,02,14,17.3,62,Moderate,17.0,UG/M3,1 Hr,Valid
Astana,PM2.5 - Principal,2024-04-02 03:00 PM,2024,04,02,15,18.1,64,Moderate,19.0,UG/M3,1 Hr,Valid
Astana,PM2.5 - Principal,2024-04-02 04:00 PM,2024,04,02,16,21.0,70,Moderate,24.0,UG/M3,1 Hr,Valid
Astana,PM2.5 - Principal,2024-04-02 05:00 PM,2024,04,02,17,22.0,72,Moderate,23.0,UG/M3,1 Hr,Valid
Astana,PM2.5 - Principal,2024-04-02 06:00 PM,2024,04,02,18,24.0,76,Moderate,26.0,UG/M3,1 Hr,Valid
Astana,PM2.5 - Principal,2024-04-02 07:00 PM,2024,04,02,19,22.5,73,Moderate,21.0,UG/M3,1 Hr,Valid
Astana,PM2.5 - Principal,2024-04-02 08:00 PM,2024,04,02,20,27.7,84,Moderate,33.0,UG/M3,1 Hr,Valid
Astana,PM2.5 - Principal,2024-04-02 09:00 PM,2024,04,02,21,32.8,95,Moderate,38.0,UG/M3,1 Hr,Valid
Astana,PM2.5 - Principal,2024-04-02 10:00 PM,2024,04,02,22,35.9,102,Unhealthy for Sensitive Groups,39.0,UG/M3,1 Hr,Valid
Astana,PM2.5 - Principal,2024-04-02 11:00 PM,2024,04,02,23,37.9,107,Unhealthy for Sensitive Groups,40.0,UG/M3,1 Hr,Valid
Astana,PM2.5 - Principal,2024-04-03 12:00 AM,2024,04,03,00,37.4,106,Unhealthy for Sensitive Groups,37.0,UG/M3,1 Hr,Valid
Astana,PM2.5 - Principal,2024-04-03 01:00 AM,2024,04,03,01,37.7,106,Unhealthy for Sensitive Groups,38.0,UG/M3,1 Hr,Valid
Astana,PM2.5 - Principal,2024-04-03 02:00 AM,2024,04,03,02,36.8,104,Unhealthy for Sensitive Groups,36.0,UG/M3,1 Hr,Valid
Astana,PM2.5 - Principal,2024-04-03 03:00 AM,2024,04,03,03,35.9,102,Unhealthy for Sensitive Groups,35.0,UG/M3,1 Hr,Valid
Astana,PM2.5 - Principal,2024-04-03 04:00 AM,2024,04,03,04,32.1,93,Moderate,28.0,UG/M3,1 Hr,Valid
Astana,PM2.5 - Principal,2024-04-03 05:00 AM,2024,04,03,05,24.4,77,Moderate,17.0,UG/M3,1 Hr,Valid
Astana,PM2.5 - Principal,2024-04-03 06:00 AM,2024,04,03,06,24.2,76,Moderate,24.0,UG/M3,1 Hr,Valid
Astana,PM2.5 - Principal,2024-04-03 07:00 AM,2024,04,03,07,23.6,75,Moderate,23.0,UG/M3,1 Hr,Valid
Astana,PM2.5 - Principal,2024-04-03 08:00 AM,2024,04,03,08,22.8,74,Moderate,22.0,UG/M3,1 Hr,Valid
Astana,PM2.5 - Principal,2024-04-03 09:00 AM,2024,04,03,09,28.4,85,Moderate,34.0,UG/M3,1 Hr,Valid
Astana,PM2.5 - Principal,2024-04-03 10:00 AM,2024,04,03,10,36.2,103,Unhealthy for Sensitive Groups,44.0,UG/M3,1 Hr,Valid
Astana,PM2.5 - Principal,2024-04-03 11:00 AM,2024,04,03,11,34.1,97,Moderate,32.0,UG/M3,1 Hr,Valid
Astana,PM2.5 - Principal,2024-04-03 12:00 PM,2024,04,03,12,30.5,90,Moderate,27.0,UG/M3,1 Hr,Valid
Astana,PM2.5 - Principal,2024-04-03 01:00 PM,2024,04,03,13,25.7,80,Moderate,21.0,UG/M3,1 Hr,Valid
Astana,PM2.5 - Principal,2024-04-03 02:00 PM,2024,04,03,14,22.8,74,Moderate,20.0,UG/M3,1 Hr,Valid
Astana,PM2.5 - Principal,2024-04-03 03:00 PM,2024,04,03,15,21.9,72,Moderate,21.0,UG/M3,1 Hr,Valid
Astana,PM2.5 - Principal,2024-04-03 04:00 PM,2024,04,03,16,24.4,77,Moderate,27.0,UG/M3,1 Hr,Valid
Astana,PM2.5 - Principal,2024-04-03 05:00 PM,2024,04,03,17,21.2,70,Moderate,18.0,UG/M3,1 Hr,Valid
Astana,PM2.5 - Principal,2024-04-03 06:00 PM,2024,04,03,18,21.1,70,Moderate,21.0,UG/M3,1 Hr,Valid
Astana,PM2.5 - Principal,2024-04-03 07:00 PM,2024,04,03,19,21.0,70,Moderate,21.0,UG/M3,1 Hr,Valid
Astana,PM2.5 - Principal,2024-04-03 08:00 PM,2024,04,03,20,22.0,72,Moderate,23.0,UG/M3,1 Hr,Valid
Astana,PM2.5 - Principal,2024-04-03 09:00 PM,2024,04,03,21,19.0,66,Moderate,16.0,UG/M3,1 Hr,Valid
Astana,PM2.5 - Principal,2024-04-03 10:00 PM,2024,04,03,22,18.5,64,Moderate,18.0,UG/M3,1 Hr,Valid
Astana,PM2.5 - Principal,2024-04-03 11:00 PM,2024,04,03,23,25.7,80,Moderate,33.0,UG/M3,1 Hr,Valid
Astana,PM2.5 - Principal,2024-04-04 12:00 AM,2024,04,04,00,36.8,104,Unhealthy for Sensitive Groups,48.0,UG/M3,1 Hr,Valid
Astana,PM2.5 - Principal,2024-04-04 01:00 AM,2024,04,04,01,40.9,114,Unhealthy for Sensitive Groups,45.0,UG/M3,1 Hr,Valid
Astana,PM2.5 - Principal,2024-04-04 02:00 AM,2024,04,04,02,38.9,109,Unhealthy for Sensitive Groups,37.0,UG/M3,1 Hr,Valid
Astana,PM2.5 - Principal,2024-04-04 03:00 AM,2024,04,04,03,39.9,112,Unhealthy for Sensitive Groups,41.0,UG/M3,1 Hr,Valid
Astana,PM2.5 - Principal,2024-04-04 04:00 AM,2024,04,04,04,46.9,129,Unhealthy for Sensitive Groups,54.0,UG/M3,1 Hr,Valid
Astana,PM2.5 - Principal,2024-04-04 05:00 AM,2024,04,04,05,47.5,131,Unhealthy for Sensitive Groups,48.0,UG/M3,1 Hr,Valid
Astana,PM2.5 - Principal,2024-04-04 06:00 AM,2024,04,04,06,48.2,132,Unhealthy for Sensitive Groups,49.0,UG/M3,1 Hr,Valid
Astana,PM2.5 - Principal,2024-04-04 07:00 AM,2024,04,04,07,44.1,122,Unhealthy for Sensitive Groups,40.0,UG/M3,1 Hr,Valid
Astana,PM2.5 - Principal,2024-04-04 08:00 AM,2024,04,04,08,41.5,116,Unhealthy for Sensitive Groups,39.0,UG/M3,1 Hr,Valid
Astana,PM2.5 - Principal,2024-04-04 09:00 AM,2024,04,04,09,32.7,94,Moderate,24.0,UG/M3,1 Hr,Valid
Astana,PM2.5 - Principal,2024-04-04 10:00 AM,2024,04,04,10,30.8,90,Moderate,29.0,UG/M3,1 Hr,Valid
Astana,PM2.5 - Principal,2024-04-04 11:00 AM,2024,04,04,11,26.9,82,Moderate,23.0,UG/M3,1 Hr,Valid
Astana,PM2.5 - Principal,2024-04-04 12:00 PM,2024,04,04,12,23.9,76,Moderate,21.0,UG/M3,1 Hr,Valid
Astana,PM2.5 - Principal,2024-04-04 01:00 PM,2024,04,04,13,23.4,75,Moderate,23.0,UG/M3,1 Hr,Valid
Astana,PM2.5 - Principal,2024-04-04 02:00 PM,2024,04,04,14,21.2,70,Moderate,19.0,UG/M3,1 Hr,Valid
Astana,PM2.5 - Principal,2024-04-04 03:00 PM,2024,04,04,15,18.1,64,Moderate,15.0,UG/M3,1 Hr,Valid
Astana,PM2.5 - Principal,2024-04-04 04:00 PM,2024,04,04,16,17.0,61,Moderate,16.0,UG/M3,1 Hr,Valid
Astana,PM2.5 - Principal,2024-04-04 05:00 PM,2024,04,04,17,16.0,59,Moderate,15.0,UG/M3,1 Hr,Valid
Astana,PM2.5 - Principal,2024-04-04 06:00 PM,2024,04,04,18,16.0,59,Moderate,16.0,UG/M3,1 Hr,Valid
Astana,PM2.5 - Principal,2024-04-04 07:00 PM,2024,04,04,19,18.0,63,Moderate,20.0,UG/M3,1 Hr,Valid
Astana,PM2.5 - Principal,2024-04-04 08:00 PM,2024,04,04,20,18.4,64,Moderate,19.0,UG/M3,1 Hr,Valid
Astana,PM2.5 - Principal,2024-04-04 09:00 PM,2024,04,04,21,30.7,90,Moderate,43.0,UG/M3,1 Hr,Valid
Astana,PM2.5 - Principal,2024-04-04 10:00 PM,2024,04,04,22,87.3,167,Unhealthy,144.0,UG/M3,1 Hr,Valid
Astana,PM2.5 - Principal,2024-04-04 11:00 PM,2024,04,04,23,138.7,194,Unhealthy,190.0,UG/M3,1 Hr,Valid
Astana,PM2.5 - Principal,2024-04-05 12:00 AM,2024,04,05,00,176.8,227,Very Unhealthy,215.0,UG/M3,1 Hr,Valid
Astana,PM2.5 - Principal,2024-04-05 01:00 AM,2024,04,05,01,101.9,175,Unhealthy,27.0,UG/M3,1 Hr,Valid
Astana,PM2.5 - Principal,2024-04-05 02:00 AM,2024,04,05,02,73.4,160,Unhealthy,45.0,UG/M3,1 Hr,Valid
Astana,PM2.5 - Principal,2024-04-05 03:00 AM,2024,04,05,03,63.2,155,Unhealthy,53.0,UG/M3,1 Hr,Valid
Astana,PM2.5 - Principal,2024-04-05 04:00 AM,2024,04,05,04,56.1,151,Unhealthy,49.0,UG/M3,1 Hr,Valid
Astana,PM2.5 - Principal,2024-04-05 05:00 AM,2024,04,05,05,61.5,154,Unhealthy,67.0,UG/M3,1 Hr,Valid
Astana,PM2.5 - Principal,2024-04-05 06:00 AM,2024,04,05,06,47.2,130,Unhealthy for Sensitive Groups,33.0,UG/M3,1 Hr,Valid
Astana,PM2.5 - Principal,2024-04-05 07:00 AM,2024,04,05,07,31.6,92,Moderate,16.0,UG/M3,1 Hr,Valid
Astana,PM2.5 - Principal,2024-04-05 08:00 AM,2024,04,05,08,23.3,75,Moderate,15.0,UG/M3,1 Hr,Valid
Astana,PM2.5 - Principal,2024-04-05 09:00 AM,2024,04,05,09,19.6,67,Moderate,16.0,UG/M3,1 Hr,Valid
Astana,PM2.5 - Principal,2024-04-05 10:00 AM,2024,04,05,10,17.8,63,Moderate,16.0,UG/M3,1 Hr,Valid
Astana,PM2.5 - Principal,2024-04-05 11:00 AM,2024,04,05,11,14.3,56,Moderate,11.0,UG/M3,1 Hr,Valid
Astana,PM2.5 - Principal,2024-04-05 12:00 PM,2024,04,05,12,12.6,52,Moderate,11.0,UG/M3,1 Hr,Valid
Astana,PM2.5 - Principal,2024-04-05 01:00 PM,2024,04,05,13,12.8,52,Moderate,13.0,UG/M3,1 Hr,Valid
Astana,PM2.5 - Principal,2024-04-05 02:00 PM,2024,04,05,14,11.9,50,Good,11.0,UG/M3,1 Hr,Valid
Astana,PM2.5 - Principal,2024-04-05 03:00 PM,2024,04,05,15,11.4,48,Good,11.0,UG/M3,1 Hr,Valid
Astana,PM2.5 - Principal,2024-04-05 04:00 PM,2024,04,05,16,12.2,51,Moderate,13.0,UG/M3,1 Hr,Valid
Astana,PM2.5 - Principal,2024-04-05 05:00 PM,2024,04,05,17,11.6,48,Good,11.0,UG/M3,1 Hr,Valid
Astana,PM2.5 - Principal,2024-04-05 06:00 PM,2024,04,05,18,13.6,54,Moderate,17.0,UG/M3,1 Hr,Valid
Astana,PM2.5 - Principal,2024-04-05 07:00 PM,2024,04,05,19,17.4,62,Moderate,21.0,UG/M3,1 Hr,Valid
Astana,PM2.5 - Principal,2024-04-05 08:00 PM,2024,04,05,20,26.3,81,Moderate,35.0,UG/M3,1 Hr,Valid
Astana,PM2.5 - Principal,2024-04-05 09:00 PM,2024,04,05,21,42.1,117,Unhealthy for Sensitive Groups,58.0,UG/M3,1 Hr,Valid
Astana,PM2.5 - Principal,2024-04-05 10:00 PM,2024,04,05,22,65.0,156,Unhealthy,88.0,UG/M3,1 Hr,Valid
Astana,PM2.5 - Principal,2024-04-05 11:00 PM,2024,04,05,23,162.5,213,Very Unhealthy,260.0,UG/M3,1 Hr,Valid
Astana,PM2.5 - Principal,2024-04-06 12:00 AM,2024,04,06,00,247.3,297,Very Unhealthy,332.0,UG/M3,1 Hr,Valid
Astana,PM2.5 - Principal,2024-04-06 01:00 AM,2024,04,06,01,275.1,325,Hazardous,303.0,UG/M3,1 Hr,Valid
Astana,PM2.5 - Principal,2024-04-06 02:00 AM,2024,04,06,02,263.6,314,Hazardous,252.0,UG/M3,1 Hr,Valid
Astana,PM2.5 - Principal,2024-04-06 03:00 AM,2024,04,06,03,276.3,327,Hazardous,289.0,UG/M3,1 Hr,Valid
Astana,PM2.5 - Principal,2024-04-06 04:00 AM,2024,04,06,04,242.6,292,Very Unhealthy,209.0,UG/M3,1 Hr,Valid
Astana,PM2.5 - Principal,2024-04-06 05:00 AM,2024,04,06,05,184.8,235,Very Unhealthy,127.0,UG/M3,1 Hr,Valid
Astana,PM2.5 - Principal,2024-04-06 06:00 AM,2024,04,06,06,147.9,199,Unhealthy,111.0,UG/M3,1 Hr,Valid
Astana,PM2.5 - Principal,2024-04-06 07:00 AM,2024,04,06,07,112.4,180,Unhealthy,77.0,UG/M3,1 Hr,Valid
Astana,PM2.5 - Principal,2024-04-06 08:00 AM,2024,04,06,08,81.2,164,Unhealthy,50.0,UG/M3,1 Hr,Valid
Astana,PM2.5 - Principal,2024-04-06 09:00 AM,2024,04,06,09,65.1,156,Unhealthy,49.0,UG/M3,1 Hr,Valid
Astana,PM2.5 - Principal,2024-04-06 10:00 AM,2024,04,06,10,60.5,154,Unhealthy,56.0,UG/M3,1 Hr,Valid
Astana,PM2.5 - Principal,2024-04-06 11:00 AM,2024,04,06,11,44.7,124,Unhealthy for Sensitive Groups,29.0,UG/M3,1 Hr,Valid
Astana,PM2.5 - Principal,2024-04-06 12:00 PM,2024,04,06,12,33.3,96,Moderate,22.0,UG/M3,1 Hr,Valid
Astana,PM2.5 - Principal,2024-04-06 01:00 PM,2024,04,06,13,26.1,80,Moderate,19.0,UG/M3,1 Hr,Valid
Astana,PM2.5 - Principal,2024-04-06 02:00 PM,2024,04,06,14,19.5,67,Moderate,13.0,UG/M3,1 Hr,Valid
Astana,PM2.5 - Principal,2024-04-06 03:00 PM,2024,04,06,15,17.2,62,Moderate,15.0,UG/M3,1 Hr,Valid
Astana,PM2.5 - Principal,2024-04-06 04:00 PM,2024,04,06,16,16.5,60,Moderate,16.0,UG/M3,1 Hr,Valid
Astana,PM2.5 - Principal,2024-04-06 05:00 PM,2024,04,06,17,16.2,60,Moderate,16.0,UG/M3,1 Hr,Valid
Astana,PM2.5 - Principal,2024-04-06 06:00 PM,2024,04,06,18,19.1,66,Moderate,22.0,UG/M3,1 Hr,Valid
Astana,PM2.5 - Principal,2024-04-06 07:00 PM,2024,04,06,19,21.5,71,Moderate,24.0,UG/M3,1 Hr,Valid
Astana,PM2.5 - Principal,2024-04-06 08:00 PM,2024,04,06,20,34.7,99,Moderate,48.0,UG/M3,1 Hr,Valid
Astana,PM2.5 - Principal,2024-04-06 09:00 PM,2024,04,06,21,34.8,99,Moderate,35.0,UG/M3,1 Hr,Valid
Astana,PM2.5 - Principal,2024-04-06 10:00 PM,2024,04,06,22,38.9,109,Unhealthy for Sensitive Groups,43.0,UG/M3,1 Hr,Valid
Astana,PM2.5 - Principal,2024-04-06 11:00 PM,2024,04,06,23,35.9,102,Unhealthy for Sensitive Groups,33.0,UG/M3,1 Hr,Valid
Astana,PM2.5 - Principal,2024-04-07 12:00 AM,2024,04,07,00,36.9,104,Unhealthy for Sensitive Groups,38.0,UG/M3,1 Hr,Valid
Astana,PM2.5 - Principal,2024-04-07 01:00 AM,2024,04,07,01,32.9,95,Moderate,29.0,UG/M3,1 Hr,Valid
Astana,PM2.5 - Principal,2024-04-07 02:00 AM,2024,04,07,02,31.9,93,Moderate,31.0,UG/M3,1 Hr,Valid
Astana,PM2.5 - Principal,2024-04-07 03:00 AM,2024,04,07,03,27.5,83,Moderate,23.0,UG/M3,1 Hr,Valid
Astana,PM2.5 - Principal,2024-04-07 04:00 AM,2024,04,07,04,22.7,73,Moderate,18.0,UG/M3,1 Hr,Valid
Astana,PM2.5 - Principal,2024-04-07 05:00 AM,2024,04,07,05,23.3,75,Moderate,24.0,UG/M3,1 Hr,Valid
Astana,PM2.5 - Principal,2024-04-07 06:00 AM,2024,04,07,06,22.1,72,Moderate,21.0,UG/M3,1 Hr,Valid
Astana,PM2.5 - Principal,2024-04-07 07:00 AM,2024,04,07,07,19.5,67,Moderate,17.0,UG/M3,1 Hr,Valid
Astana,PM2.5 - Principal,2024-04-07 08:00 AM,2024,04,07,08,17.2,62,Moderate,15.0,UG/M3,1 Hr,Valid
Astana,PM2.5 - Principal,2024-04-07 09:00 AM,2024,04,07,09,15.1,57,Moderate,13.0,UG/M3,1 Hr,Valid
Astana,PM2.5 - Principal,2024-04-07 10:00 AM,2024,04,07,10,13.5,54,Moderate,12.0,UG/M3,1 Hr,Valid
Astana,PM2.5 - Principal,2024-04-07 11:00 AM,2024,04,07,11,14.7,56,Moderate,16.0,UG/M3,1 Hr,Valid
Astana,PM2.5 - Principal,2024-04-07 12:00 PM,2024,04,07,12,16.8,61,Moderate,19.0,UG/M3,1 Hr,Valid
Astana,PM2.5 - Principal,2024-04-07 01:00 PM,2024,04,07,13,17.9,63,Moderate,19.0,UG/M3,1 Hr,Valid
Astana,PM2.5 - Principal,2024-04-07 02:00 PM,2024,04,07,14,19.9,67,Moderate,22.0,UG/M3,1 Hr,Valid
Astana,PM2.5 - Principal,2024-04-07 03:00 PM,2024,04,07,15,20.9,70,Moderate,22.0,UG/M3,1 Hr,Valid
Astana,PM2.5 - Principal,2024-04-07 04:00 PM,2024,04,07,16,19.9,67,Moderate,19.0,UG/M3,1 Hr,Valid
Astana,PM2.5 - Principal,2024-04-07 05:00 PM,2024,04,07,17,19.5,67,Moderate,19.0,UG/M3,1 Hr,Valid
Astana,PM2.5 - Principal,2024-04-07 06:00 PM,2024,04,07,18,21.7,71,Moderate,24.0,UG/M3,1 Hr,Valid
Astana,PM2.5 - Principal,2024-04-07 07:00 PM,2024,04,07,19,21.3,70,Moderate,21.0,UG/M3,1 Hr,Valid
Astana,PM2.5 - Principal,2024-04-07 08:00 PM,2024,04,07,20,19.6,67,Moderate,18.0,UG/M3,1 Hr,Valid
Astana,PM2.5 - Principal,2024-04-07 09:00 PM,2024,04,07,21,20.8,69,Moderate,22.0,UG/M3,1 Hr,Valid
Astana,PM2.5 - Principal,2024-04-07 10:00 PM,2024,04,07,22,20.4,68,Moderate,20.0,UG/M3,1 Hr,Valid
Astana,PM2.5 - Principal,2024-04-07 11:00 PM,2024,04,07,23,20.6,69,Moderate,21.0,UG/M3,1 Hr,Valid
Astana,PM2.5 - Principal,2024-04-08 12:00 AM,2024,04,08,00,20.4,68,Moderate,20.0,UG/M3,1 Hr,Valid
Astana,PM2.5 - Principal,2024-04-08 01:00 AM,2024,04,08,01,18.9,65,Moderate,16.0,UG/M3,1 Hr,Valid
Astana,PM2.5 - Principal,2024-04-08 02:00 AM,2024,04,08,02,17.3,62,Moderate,15.0,UG/M3,1 Hr,Valid
Astana,PM2.5 - Principal,2024-04-08 03:00 AM,2024,04,08,03,17.2,62,Moderate,17.0,UG/M3,1 Hr,Valid
Astana,PM2.5 - Principal,2024-04-08 04:00 AM,2024,04,08,04,16.3,60,Moderate,15.0,UG/M3,1 Hr,Valid
Astana,PM2.5 - Principal,2024-04-08 05:00 AM,2024,04,08,05,18.1,64,Moderate,21.0,UG/M3,1 Hr,Valid
Astana,PM2.5 - Principal,2024-04-08 06:00 AM,2024,04,08,06,22.1,72,Moderate,27.0,UG/M3,1 Hr,Valid
Astana,PM2.5 - Principal,2024-04-08 07:00 AM,2024,04,08,07,25.6,79,Moderate,29.0,UG/M3,1 Hr,Valid
Astana,PM2.5 - Principal,2024-04-08 08:00 AM,2024,04,08,08,26.3,81,Moderate,27.0,UG/M3,1 Hr,Valid
Astana,PM2.5 - Principal,2024-04-08 09:00 AM,2024,04,08,09,25.6,79,Moderate,25.0,UG/M3,1 Hr,Valid
Astana,PM2.5 - Principal,2024-04-08 10:00 AM,2024,04,08,10,24.3,77,Moderate,23.0,UG/M3,1 Hr,Valid
Astana,PM2.5 - Principal,2024-04-08 11:00 AM,2024,04,08,11,23.7,75,Moderate,23.0,UG/M3,1 Hr,Valid
Astana,PM2.5 - Principal,2024-04-08 12:00 PM,2024,04,08,12,22.4,73,Moderate,21.0,UG/M3,1 Hr,Valid
Astana,PM2.5 - Principal,2024-04-08 01:00 PM,2024,04,08,13,19.7,67,Moderate,17.0,UG/M3,1 Hr,Valid
Astana,PM2.5 - Principal,2024-04-08 02:00 PM,2024,04,08,14,17.4,62,Moderate,15.0,UG/M3,1 Hr,Valid
Astana,PM2.5 - Principal,2024-04-08 03:00 PM,2024,04,08,15,16.2,60,Moderate,15.0,UG/M3,1 Hr,Valid
Astana,PM2.5 - Principal,2024-04-08 04:00 PM,2024,04,08,16,18.0,63,Moderate,20.0,UG/M3,1 Hr,Valid
Astana,PM2.5 - Principal,2024-04-08 05:00 PM,2024,04,08,17,16.5,60,Moderate,15.0,UG/M3,1 Hr,Valid
Astana,PM2.5 - Principal,2024-04-08 06:00 PM,2024,04,08,18,17.7,63,Moderate,19.0,UG/M3,1 Hr,Valid
Astana,PM2.5 - Principal,2024-04-08 07:00 PM,2024,04,08,19,20.5,69,Moderate,24.0,UG/M3,1 Hr,Valid
Astana,PM2.5 - Principal,2024-04-08 08:00 PM,2024,04,08,20,25.4,79,Moderate,30.0,UG/M3,1 Hr,Valid
Astana,PM2.5 - Principal,2024-04-08 09:00 PM,2024,04,08,21,25.2,79,Moderate,25.0,UG/M3,1 Hr,Valid
Astana,PM2.5 - Principal,2024-04-08 10:00 PM,2024,04,08,22,28.6,86,Moderate,32.0,UG/M3,1 Hr,Valid
Astana,PM2.5 - Principal,2024-04-08 11:00 PM,2024,04,08,23,22.3,72,Moderate,16.0,UG/M3,1 Hr,Valid
Astana,PM2.5 - Principal,2024-04-09 12:00 AM,2024,04,09,00,23.1,74,Moderate,24.0,UG/M3,1 Hr,Valid
Astana,PM2.5 - Principal,2024-04-09 01:00 AM,2024,04,09,01,21.5,71,Moderate,20.0,UG/M3,1 Hr,Valid
Astana,PM2.5 - Principal,2024-04-09 02:00 AM,2024,04,09,02,18.2,64,Moderate,15.0,UG/M3,1 Hr,Valid
Astana,PM2.5 - Principal,2024-04-09 03:00 AM,2024,04,09,03,17.1,62,Moderate,16.0,UG/M3,1 Hr,Valid
Astana,PM2.5 - Principal,2024-04-09 04:00 AM,2024,04,09,04,15.5,58,Moderate,14.0,UG/M3,1 Hr,Valid
Astana,PM2.5 - Principal,2024-04-09 05:00 AM,2024,04,09,05,17.2,62,Moderate,19.0,UG/M3,1 Hr,Valid
Astana,PM2.5 - Principal,2024-04-09 06:00 AM,2024,04,09,06,18.1,64,Moderate,19.0,UG/M3,1 Hr,Valid
Astana,PM2.5 - Principal,2024-04-09 07:00 AM,2024,04,09,07,17.0,61,Moderate,16.0,UG/M3,1 Hr,Valid
Astana,PM2.5 - Principal,2024-04-09 08:00 AM,2024,04,09,08,16.5,60,Moderate,16.0,UG/M3,1 Hr,Valid
Astana,PM2.5 - Principal,2024-04-09 09:00 AM,2024,04,09,09,16.7,61,Moderate,17.0,UG/M3,1 Hr,Valid
Astana,PM2.5 - Principal,2024-04-09 10:00 AM,2024,04,09,10,17.7,63,Moderate,19.0,UG/M3,1 Hr,Valid
Astana,PM2.5 - Principal,2024-04-09 11:00 AM,2024,04,09,11,17.4,62,Moderate,17.0,UG/M3,1 Hr,Valid
Astana,PM2.5 - Principal,2024-04-09 12:00 PM,2024,04,09,12,17.2,62,Moderate,17.0,UG/M3,1 Hr,Valid
Astana,PM2.5 - Principal,2024-04-09 01:00 PM,2024,04,09,13,15.8,59,Moderate,13.0,UG/M3,1 Hr,Valid
Astana,PM2.5 - Principal,2024-04-09 02:00 PM,2024,04,09,14,14.9,57,Moderate,13.0,UG/M3,1 Hr,Valid
Astana,PM2.5 - Principal,2024-04-09 03:00 PM,2024,04,09,15,14.9,57,Moderate,15.0,UG/M3,1 Hr,Valid
Astana,PM2.5 - Principal,2024-04-09 04:00 PM,2024,04,09,16,16.6,60,Moderate,20.0,UG/M3,1 Hr,Valid
Astana,PM2.5 - Principal,2024-04-09 05:00 PM,2024,04,09,17,17.1,62,Moderate,18.0,UG/M3,1 Hr,Valid
Astana,PM2.5 - Principal,2024-04-09 06:00 PM,2024,04,09,18,16.0,59,Moderate,14.0,UG/M3,1 Hr,Valid
Astana,PM2.5 - Principal,2024-04-09 07:00 PM,2024,04,09,19,14.9,57,Moderate,13.0,UG/M3,1 Hr,Valid
Astana,PM2.5 - Principal,2024-04-09 08:00 PM,2024,04,09,20,13.6,54,Moderate,12.0,UG/M3,1 Hr,Valid
Astana,PM2.5 - Principal,2024-04-09 09:00 PM,2024,04,09,21,12.9,53,Moderate,12.0,UG/M3,1 Hr,Valid
Astana,PM2.5 - Principal,2024-04-09 10:00 PM,2024,04,09,22,11.2,47,Good,10.0,UG/M3,1 Hr,Valid
Astana,PM2.5 - Principal,2024-04-09 11:00 PM,2024,04,09,23,10.6,44,Good,10.0,UG/M3,1 Hr,Valid
Astana,PM2.5 - Principal,2024-04-10 12:00 AM,2024,04,10,00,13.3,54,Moderate,16.0,UG/M3,1 Hr,Valid
Astana,PM2.5 - Principal,2024-04-10 01:00 AM,2024,04,10,01,13.1,53,Moderate,13.0,UG/M3,1 Hr,Valid
Astana,PM2.5 - Principal,2024-04-10 02:00 AM,2024,04,10,02,13.5,54,Moderate,14.0,UG/M3,1 Hr,Valid
Astana,PM2.5 - Principal,2024-04-10 03:00 AM,2024,04,10,03,15.2,58,Moderate,17.0,UG/M3,1 Hr,Valid
Astana,PM2.5 - Principal,2024-04-10 04:00 AM,2024,04,10,04,15.0,57,Moderate,15.0,UG/M3,1 Hr,Valid
Astana,PM2.5 - Principal,2024-04-10 05:00 AM,2024,04,10,05,17.5,62,Moderate,20.0,UG/M3,1 Hr,Valid
Astana,PM2.5 - Principal,2024-04-10 06:00 AM,2024,04,10,06,16.2,60,Moderate,15.0,UG/M3,1 Hr,Valid
Astana,PM2.5 - Principal,2024-04-10 07:00 AM,2024,04,10,07,16.1,59,Moderate,16.0,UG/M3,1 Hr,Valid
Astana,PM2.5 - Principal,2024-04-10 08:00 AM,2024,04,10,08,15.5,58,Moderate,15.0,UG/M3,1 Hr,Valid
Astana,PM2.5 - Principal,2024-04-10 09:00 AM,2024,04,10,09,16.2,60,Moderate,17.0,UG/M3,1 Hr,Valid
Astana,PM2.5 - Principal,2024-04-10 10:00 AM,2024,04,10,10,17.6,63,Moderate,19.0,UG/M3,1 Hr,Valid
Astana,PM2.5 - Principal,2024-04-10 11:00 AM,2024,04,10,11,16.0,59,Moderate,14.0,UG/M3,1 Hr,Valid
Astana,PM2.5 - Principal,2024-04-10 12:00 PM,2024,04,10,12,15.6,58,Moderate,15.0,UG/M3,1 Hr,Valid
Astana,PM2.5 - Principal,2024-04-10 01:00 PM,2024,04,10,13,15.5,58,Moderate,15.0,UG/M3,1 Hr,Valid
Astana,PM2.5 - Principal,2024-04-10 02:00 PM,2024,04,10,14,15.9,59,Moderate,17.0,UG/M3,1 Hr,Valid
Astana,PM2.5 - Principal,2024-04-10 03:00 PM,2024,04,10,15,15.3,58,Moderate,14.0,UG/M3,1 Hr,Valid
Astana,PM2.5 - Principal,2024-04-10 04:00 PM,2024,04,10,16,16.4,60,Moderate,19.0,UG/M3,1 Hr,Valid
Astana,PM2.5 - Principal,2024-04-10 05:00 PM,2024,04,10,17,17.0,61,Moderate,19.0,UG/M3,1 Hr,Valid
Astana,PM2.5 - Principal,2024-04-10 06:00 PM,2024,04,10,18,15.4,58,Moderate,12.0,UG/M3,1 Hr,Valid
Astana,PM2.5 - Principal,2024-04-10 07:00 PM,2024,04,10,19,15.2,58,Moderate,15.0,UG/M3,1 Hr,Valid
Astana,PM2.5 - Principal,2024-04-10 08:00 PM,2024,04,10,20,17.6,63,Moderate,21.0,UG/M3,1 Hr,Valid
Astana,PM2.5 - Principal,2024-04-10 09:00 PM,2024,04,10,21,16.9,61,Moderate,16.0,UG/M3,1 Hr,Valid
Astana,PM2.5 - Principal,2024-04-10 10:00 PM,2024,04,10,22,16.1,59,Moderate,15.0,UG/M3,1 Hr,Valid
Astana,PM2.5 - Principal,2024-04-10 11:00 PM,2024,04,10,23,14.7,56,Moderate,13.0,UG/M3,1 Hr,Valid
Astana,PM2.5 - Principal,2024-04-11 12:00 AM,2024,04,11,00,15.3,58,Moderate,16.0,UG/M3,1 Hr,Valid
Astana,PM2.5 - Principal,2024-04-11 01:00 AM,2024,04,11,01,13.8,55,Moderate,12.0,UG/M3,1 Hr,Valid
Astana,PM2.5 - Principal,2024-04-11 02:00 AM,2024,04,11,02,13.9,55,Moderate,14.0,UG/M3,1 Hr,Valid
Astana,PM2.5 - Principal,2024-04-11 03:00 AM,2024,04,11,03,13.5,54,Moderate,13.0,UG/M3,1 Hr,Valid
Astana,PM2.5 - Principal,2024-04-11 04:00 AM,2024,04,11,04,11.2,47,Good,9.0,UG/M3,1 Hr,Valid
Astana,PM2.5 - Principal,2024-04-11 05:00 AM,2024,04,11,05,9.0,38,Good,7.0,UG/M3,1 Hr,Valid
Astana,PM2.5 - Principal,2024-04-11 06:00 AM,2024,04,11,06,11.0,46,Good,13.0,UG/M3,1 Hr,Valid
Astana,PM2.5 - Principal,2024-04-11 07:00 AM,2024,04,11,07,11.5,48,Good,12.0,UG/M3,1 Hr,Valid
Astana,PM2.5 - Principal,2024-04-11 08:00 AM,2024,04,11,08,12.7,52,Moderate,14.0,UG/M3,1 Hr,Valid
Astana,PM2.5 - Principal,2024-04-11 09:00 AM,2024,04,11,09,11.8,49,Good,11.0,UG/M3,1 Hr,Valid
Astana,PM2.5 - Principal,2024-04-11 10:00 AM,2024,04,11,10,13.9,55,Moderate,16.0,UG/M3,1 Hr,Valid
Astana,PM2.5 - Principal,2024-04-11 11:00 AM,2024,04,11,11,12.9,53,Moderate,12.0,UG/M3,1 Hr,Valid
Astana,PM2.5 - Principal,2024-04-11 12:00 PM,2024,04,11,12,13.4,54,Moderate,14.0,UG/M3,1 Hr,Valid
Astana,PM2.5 - Principal,2024-04-11 01:00 PM,2024,04,11,13,12.7,52,Moderate,12.0,UG/M3,1 Hr,Valid
Astana,PM2.5 - Principal,2024-04-11 02:00 PM,2024,04,11,14,11.8,49,Good,11.0,UG/M3,1 Hr,Valid
Astana,PM2.5 - Principal,2024-04-11 03:00 PM,2024,04,11,15,15.4,58,Moderate,19.0,UG/M3,1 Hr,Valid
Astana,PM2.5 - Principal,2024-04-11 04:00 PM,2024,04,11,16,14.7,56,Moderate,14.0,UG/M3,1 Hr,Valid
Astana,PM2.5 - Principal,2024-04-11 05:00 PM,2024,04,11,17,14.7,56,Moderate,15.0,UG/M3,1 Hr,Valid
Astana,PM2.5 - Principal,2024-04-11 06:00 PM,2024,04,11,18,17.1,62,Moderate,20.0,UG/M3,1 Hr,Valid
Astana,PM2.5 - Principal,2024-04-11 07:00 PM,2024,04,11,19,16.6,60,Moderate,16.0,UG/M3,1 Hr,Valid
Astana,PM2.5 - Principal,2024-04-11 08:00 PM,2024,04,11,20,19.3,66,Moderate,22.0,UG/M3,1 Hr,Valid
Astana,PM2.5 - Principal,2024-04-11 09:00 PM,2024,04,11,21,23.6,75,Moderate,28.0,UG/M3,1 Hr,Valid
Astana,PM2.5 - Principal,2024-04-11 10:00 PM,2024,04,11,22,32.3,93,Moderate,41.0,UG/M3,1 Hr,Valid
Astana,PM2.5 - Principal,2024-04-11 11:00 PM,2024,04,11,23,42.6,118,Unhealthy for Sensitive Groups,53.0,UG/M3,1 Hr,Valid
Astana,PM2.5 - Principal,2024-04-12 12:00 AM,2024,04,12,00,51.3,140,Unhealthy for Sensitive Groups,60.0,UG/M3,1 Hr,Valid
Astana,PM2.5 - Principal,2024-04-12 01:00 AM,2024,04,12,01,57.1,152,Unhealthy,63.0,UG/M3,1 Hr,Valid
Astana,PM2.5 - Principal,2024-04-12 02:00 AM,2024,04,12,02,56.5,152,Unhealthy,56.0,UG/M3,1 Hr,Valid
Astana,PM2.5 - Principal,2024-04-12 03:00 AM,2024,04,12,03,61.8,154,Unhealthy,67.0,UG/M3,1 Hr,Valid
Astana,PM2.5 - Principal,2024-04-12 04:00 AM,2024,04,12,04,43.4,120,Unhealthy for Sensitive Groups,25.0,UG/M3,1 Hr,Valid
Astana,PM2.5 - Principal,2024-04-12 05:00 AM,2024,04,12,05,33.2,95,Moderate,23.0,UG/M3,1 Hr,Valid
Astana,PM2.5 - Principal,2024-04-12 06:00 AM,2024,04,12,06,22.6,73,Moderate,12.0,UG/M3,1 Hr,Valid
Astana,PM2.5 - Principal,2024-04-12 07:00 AM,2024,04,12,07,26.3,81,Moderate,30.0,UG/M3,1 Hr,Valid
Astana,PM2.5 - Principal,2024-04-12 08:00 AM,2024,04,12,08,21.6,71,Moderate,17.0,UG/M3,1 Hr,Valid
Astana,PM2.5 - Principal,2024-04-12 09:00 AM,2024,04,12,09,18.8,65,Moderate,16.0,UG/M3,1 Hr,Valid
Astana,PM2.5 - Principal,2024-04-12 10:00 AM,2024,04,12,10,15.9,59,Moderate,13.0,UG/M3,1 Hr,Valid
Astana,PM2.5 - Principal,2024-04-12 11:00 AM,2024,04,12,11,12.4,52,Moderate,9.0,UG/M3,1 Hr,Valid
Astana,PM2.5 - Principal,2024-04-12 12:00 PM,2024,04,12,12,12.7,52,Moderate,13.0,UG/M3,1 Hr,Valid
Astana,PM2.5 - Principal,2024-04-12 01:00 PM,2024,04,12,13,12.3,51,Moderate,12.0,UG/M3,1 Hr,Valid
Astana,PM2.5 - Principal,2024-04-12 02:00 PM,2024,04,12,14,15.1,57,Moderate,18.0,UG/M3,1 Hr,Valid
Astana,PM2.5 - Principal,2024-04-12 03:00 PM,2024,04,12,15,14.0,55,Moderate,13.0,UG/M3,1 Hr,Valid
Astana,PM2.5 - Principal,2024-04-12 04:00 PM,2024,04,12,16,12.0,50,Good,10.0,UG/M3,1 Hr,Valid
Astana,PM2.5 - Principal,2024-04-12 05:00 PM,2024,04,12,17,12.0,50,Good,12.0,UG/M3,1 Hr,Valid
Astana,PM2.5 - Principal,2024-04-12 06:00 PM,2024,04,12,18,11.0,46,Good,10.0,UG/M3,1 Hr,Valid
Astana,PM2.5 - Principal,2024-04-12 07:00 PM,2024,04,12,19,15.0,57,Moderate,19.0,UG/M3,1 Hr,Valid
Astana,PM2.5 - Principal,2024-04-12 08:00 PM,2024,04,12,20,14.0,55,Moderate,13.0,UG/M3,1 Hr,Valid
Astana,PM2.5 - Principal,2024-04-12 09:00 PM,2024,04,12,21,13.0,53,Moderate,12.0,UG/M3,1 Hr,Valid
Astana,PM2.5 - Principal,2024-04-12 10:00 PM,2024,04,12,22,14.0,55,Moderate,15.0,UG/M3,1 Hr,Valid
Astana,PM2.5 - Principal,2024-04-12 11:00 PM,2024,04,12,23,13.0,53,Moderate,12.0,UG/M3,1 Hr,Valid
Astana,PM2.5 - Principal,2024-04-13 12:00 AM,2024,04,13,00,13.4,54,Moderate,14.0,UG/M3,1 Hr,Valid
Astana,PM2.5 - Principal,2024-04-13 01:00 AM,2024,04,13,01,12.3,51,Moderate,11.0,UG/M3,1 Hr,Valid
Astana,PM2.5 - Principal,2024-04-13 02:00 AM,2024,04,13,02,11.6,48,Good,11.0,UG/M3,1 Hr,Valid
Astana,PM2.5 - Principal,2024-04-13 03:00 AM,2024,04,13,03,10.3,43,Good,9.0,UG/M3,1 Hr,Valid
Astana,PM2.5 - Principal,2024-04-13 04:00 AM,2024,04,13,04,9.1,38,Good,8.0,UG/M3,1 Hr,Valid
Astana,PM2.5 - Principal,2024-04-13 05:00 AM,2024,04,13,05,10.5,44,Good,12.0,UG/M3,1 Hr,Valid
Astana,PM2.5 - Principal,2024-04-13 06:00 AM,2024,04,13,06,9.2,38,Good,8.0,UG/M3,1 Hr,Valid
Astana,PM2.5 - Principal,2024-04-13 07:00 AM,2024,04,13,07,9.6,40,Good,10.0,UG/M3,1 Hr,Valid
Astana,PM2.5 - Principal,2024-04-13 08:00 AM,2024,04,13,08,9.3,39,Good,9.0,UG/M3,1 Hr,Valid
Astana,PM2.5 - Principal,2024-04-13 09:00 AM,2024,04,13,09,11.0,46,Good,13.0,UG/M3,1 Hr,Valid
Astana,PM2.5 - Principal,2024-04-13 10:00 AM,2024,04,13,10,11.3,47,Good,12.0,UG/M3,1 Hr,Valid
Astana,PM2.5 - Principal,2024-04-13 11:00 AM,2024,04,13,11,13.7,54,Moderate,16.0,UG/M3,1 Hr,Valid
Astana,PM2.5 - Principal,2024-04-13 12:00 PM,2024,04,13,12,11.8,49,Good,10.0,UG/M3,1 Hr,Valid
Astana,PM2.5 - Principal,2024-04-13 01:00 PM,2024,04,13,13,11.4,48,Good,11.0,UG/M3,1 Hr,Valid
Astana,PM2.5 - Principal,2024-04-13 02:00 PM,2024,04,13,14,12.2,51,Moderate,13.0,UG/M3,1 Hr,Valid
Astana,PM2.5 - Principal,2024-04-13 03:00 PM,2024,04,13,15,12.6,52,Moderate,13.0,UG/M3,1 Hr,Valid
Astana,PM2.5 - Principal,2024-04-13 04:00 PM,2024,04,13,16,12.8,52,Moderate,13.0,UG/M3,1 Hr,Valid
Astana,PM2.5 - Principal,2024-04-13 05:00 PM,2024,04,13,17,13.9,55,Moderate,15.0,UG/M3,1 Hr,Valid
Astana,PM2.5 - Principal,2024-04-13 06:00 PM,2024,04,13,18,13.8,55,Moderate,14.0,UG/M3,1 Hr,Valid
Astana,PM2.5 - Principal,2024-04-13 07:00 PM,2024,04,13,19,13.9,55,Moderate,14.0,UG/M3,1 Hr,Valid
Astana,PM2.5 - Principal,2024-04-13 08:00 PM,2024,04,13,20,13.1,53,Moderate,12.0,UG/M3,1 Hr,Valid
Astana,PM2.5 - Principal,2024-04-13 09:00 PM,2024,04,13,21,13.8,55,Moderate,15.0,UG/M3,1 Hr,Valid
Astana,PM2.5 - Principal,2024-04-13 10:00 PM,2024,04,13,22,13.1,53,Moderate,12.0,UG/M3,1 Hr,Valid
Astana,PM2.5 - Principal,2024-04-13 11:00 PM,2024,04,13,23,12.4,52,Moderate,11.0,UG/M3,1 Hr,Valid
Astana,PM2.5 - Principal,2024-04-14 12:00 AM,2024,04,14,00,13.6,54,Moderate,16.0,UG/M3,1 Hr,Valid
Astana,PM2.5 - Principal,2024-04-14 01:00 AM,2024,04,14,01,11.7,49,Good,9.0,UG/M3,1 Hr,Valid
Astana,PM2.5 - Principal,2024-04-14 02:00 AM,2024,04,14,02,12.2,51,Moderate,13.0,UG/M3,1 Hr,Valid
Astana,PM2.5 - Principal,2024-04-14 03:00 AM,2024,04,14,03,12.5,52,Moderate,13.0,UG/M3,1 Hr,Valid
Astana,PM2.5 - Principal,2024-04-14 04:00 AM,2024,04,14,04,12.3,51,Moderate,12.0,UG/M3,1 Hr,Valid
Astana,PM2.5 - Principal,2024-04-14 05:00 AM,2024,04,14,05,13.9,55,Moderate,16.0,UG/M3,1 Hr,Valid
Astana,PM2.5 - Principal,2024-04-14 06:00 AM,2024,04,14,06,15.4,58,Moderate,17.0,UG/M3,1 Hr,Valid
Astana,PM2.5 - Principal,2024-04-14 07:00 AM,2024,04,14,07,12.4,52,Moderate,9.0,UG/M3,1 Hr,Valid
Astana,PM2.5 - Principal,2024-04-14 08:00 AM,2024,04,14,08,10.1,42,Good,8.0,UG/M3,1 Hr,Valid
Astana,PM2.5 - Principal,2024-04-14 09:00 AM,2024,04,14,09,11.5,48,Good,13.0,UG/M3,1 Hr,Valid
Astana,PM2.5 - Principal,2024-04-14 10:00 AM,2024,04,14,10,12.7,52,Moderate,14.0,UG/M3,1 Hr,Valid
Astana,PM2.5 - Principal,2024-04-14 11:00 AM,2024,04,14,11,11.8,49,Good,11.0,UG/M3,1 Hr,Valid
Astana,PM2.5 - Principal,2024-04-14 12:00 PM,2024,04,14,12,13.9,55,Moderate,16.0,UG/M3,1 Hr,Valid
Astana,PM2.5 - Principal,2024-04-14 01:00 PM,2024,04,14,13,13.9,55,Moderate,14.0,UG/M3,1 Hr,Valid
Astana,PM2.5 - Principal,2024-04-14 02:00 PM,2024,04,14,14,13.4,54,Moderate,13.0,UG/M3,1 Hr,Valid
Astana,PM2.5 - Principal,2024-04-14 03:00 PM,2024,04,14,15,13.7,54,Moderate,14.0,UG/M3,1 Hr,Valid
Astana,PM2.5 - Principal,2024-04-14 04:00 PM,2024,04,14,16,11.8,49,Good,10.0,UG/M3,1 Hr,Valid
Astana,PM2.5 - Principal,2024-04-14 05:00 PM,2024,04,14,17,12.9,53,Moderate,14.0,UG/M3,1 Hr,Valid
Astana,PM2.5 - Principal,2024-04-14 06:00 PM,2024,04,14,18,13.9,55,Moderate,15.0,UG/M3,1 Hr,Valid
Astana,PM2.5 - Principal,2024-04-14 07:00 PM,2024,04,14,19,12.4,52,Moderate,11.0,UG/M3,1 Hr,Valid
Astana,PM2.5 - Principal,2024-04-14 08:00 PM,2024,04,14,20,14.4,56,Moderate,17.0,UG/M3,1 Hr,Valid
Astana,PM2.5 - Principal,2024-04-14 09:00 PM,2024,04,14,21,17.3,62,Moderate,20.0,UG/M3,1 Hr,Valid
Astana,PM2.5 - Principal,2024-04-14 10:00 PM,2024,04,14,22,18.6,65,Moderate,20.0,UG/M3,1 Hr,Valid
Astana,PM2.5 - Principal,2024-04-14 11:00 PM,2024,04,14,23,17.3,62,Moderate,16.0,UG/M3,1 Hr,Valid
Astana,PM2.5 - Principal,2024-04-15 12:00 AM,2024,04,15,00,17.6,63,Moderate,18.0,UG/M3,1 Hr,Valid
Astana,PM2.5 - Principal,2024-04-15 01:00 AM,2024,04,15,01,14.8,57,Moderate,12.0,UG/M3,1 Hr,Valid
Astana,PM2.5 - Principal,2024-04-15 02:00 AM,2024,04,15,02,14.4,56,Moderate,14.0,UG/M3,1 Hr,Valid
Astana,PM2.5 - Principal,2024-04-15 03:00 AM,2024,04,15,03,16.2,60,Moderate,18.0,UG/M3,1 Hr,Valid
Astana,PM2.5 - Principal,2024-04-15 04:00 AM,2024,04,15,04,17.4,62,Moderate,19.0,UG/M3,1 Hr,Valid
Astana,PM2.5 - Principal,2024-04-15 05:00 AM,2024,04,15,05,15.4,58,Moderate,13.0,UG/M3,1 Hr,Valid
Astana,PM2.5 - Principal,2024-04-15 06:00 AM,2024,04,15,06,13.4,54,Moderate,11.0,UG/M3,1 Hr,Valid
Astana,PM2.5 - Principal,2024-04-15 07:00 AM,2024,04,15,07,15.4,58,Moderate,18.0,UG/M3,1 Hr,Valid
Astana,PM2.5 - Principal,2024-04-15 08:00 AM,2024,04,15,08,12.7,52,Moderate,10.0,UG/M3,1 Hr,Valid
Astana,PM2.5 - Principal,2024-04-15 09:00 AM,2024,04,15,09,12.3,51,Moderate,12.0,UG/M3,1 Hr,Valid
Astana,PM2.5 - Principal,2024-04-15 10:00 AM,2024,04,15,10,11.7,49,Good,11.0,UG/M3,1 Hr,Valid
Astana,PM2.5 - Principal,2024-04-15 11:00 AM,2024,04,15,11,12.8,52,Moderate,14.0,UG/M3,1 Hr,Valid
Astana,PM2.5 - Principal,2024-04-15 12:00 PM,2024,04,15,12,11.4,48,Good,10.0,UG/M3,1 Hr,Valid
Astana,PM2.5 - Principal,2024-04-15 01:00 PM,2024,04,15,13,13.1,53,Moderate,15.0,UG/M3,1 Hr,Valid
Astana,PM2.5 - Principal,2024-04-15 02:00 PM,2024,04,15,14,11.6,48,Good,10.0,UG/M3,1 Hr,Valid
Astana,PM2.5 - Principal,2024-04-15 03:00 PM,2024,04,15,15,11.3,47,Good,11.0,UG/M3,1 Hr,Valid
Astana,PM2.5 - Principal,2024-04-15 04:00 PM,2024,04,15,16,10.7,45,Good,10.0,UG/M3,1 Hr,Valid
Astana,PM2.5 - Principal,2024-04-15 05:00 PM,2024,04,15,17,12.2,51,Moderate,14.0,UG/M3,1 Hr,Valid
Astana,PM2.5 - Principal,2024-04-15 06:00 PM,2024,04,15,18,12.5,52,Moderate,13.0,UG/M3,1 Hr,Valid
Astana,PM2.5 - Principal,2024-04-15 07:00 PM,2024,04,15,19,17.3,62,Moderate,22.0,UG/M3,1 Hr,Valid
Astana,PM2.5 - Principal,2024-04-15 08:00 PM,2024,04,15,20,19.6,67,Moderate,22.0,UG/M3,1 Hr,Valid
Astana,PM2.5 - Principal,2024-04-15 09:00 PM,2024,04,15,21,24.3,77,Moderate,29.0,UG/M3,1 Hr,Valid
Astana,PM2.5 - Principal,2024-04-15 10:00 PM,2024,04,15,22,25.1,78,Moderate,26.0,UG/M3,1 Hr,Valid
Astana,PM2.5 - Principal,2024-04-15 11:00 PM,2024,04,15,23,28.5,85,Moderate,32.0,UG/M3,1 Hr,Valid
Astana,PM2.5 - Principal,2024-04-16 12:00 AM,2024,04,16,00,27.2,83,Moderate,26.0,UG/M3,1 Hr,Valid
Astana,PM2.5 - Principal,2024-04-16 01:00 AM,2024,04,16,01,18.1,64,Moderate,9.0,UG/M3,1 Hr,Valid
Astana,PM2.5 - Principal,2024-04-16 02:00 AM,2024,04,16,02,16.0,59,Moderate,14.0,UG/M3,1 Hr,Valid
Astana,PM2.5 - Principal,2024-04-16 03:00 AM,2024,04,16,03,13.5,54,Moderate,11.0,UG/M3,1 Hr,Valid
Astana,PM2.5 - Principal,2024-04-16 04:00 AM,2024,04,16,04,11.7,49,Good,10.0,UG/M3,1 Hr,Valid
Astana,PM2.5 - Principal,2024-04-16 05:00 AM,2024,04,16,05,9.8,41,Good,8.0,UG/M3,1 Hr,Valid
Astana,PM2.5 - Principal,2024-04-16 06:00 AM,2024,04,16,06,10.9,45,Good,12.0,UG/M3,1 Hr,Valid
Astana,PM2.5 - Principal,2024-04-16 07:00 AM,2024,04,16,07,11.9,50,Good,13.0,UG/M3,1 Hr,Valid
Astana,PM2.5 - Principal,2024-04-16 08:00 AM,2024,04,16,08,12.4,52,Moderate,13.0,UG/M3,1 Hr,Valid
Astana,PM2.5 - Principal,2024-04-16 09:00 AM,2024,04,16,09,11.2,47,Good,10.0,UG/M3,1 Hr,Valid
Astana,PM2.5 - Principal,2024-04-16 10:00 AM,2024,04,16,10,11.1,46,Good,11.0,UG/M3,1 Hr,Valid
Astana,PM2.5 - Principal,2024-04-16 11:00 AM,2024,04,16,11,10.0,42,Good,9.0,UG/M3,1 Hr,Valid
Astana,PM2.5 - Principal,2024-04-16 12:00 PM,2024,04,16,12,8.5,35,Good,7.0,UG/M3,1 Hr,Valid
Astana,PM2.5 - Principal,2024-04-16 01:00 PM,2024,04,16,13,8.2,34,Good,8.0,UG/M3,1 Hr,Valid
Astana,PM2.5 - Principal,2024-04-16 02:00 PM,2024,04,16,14,9.1,38,Good,10.0,UG/M3,1 Hr,Valid
Astana,PM2.5 - Principal,2024-04-16 03:00 PM,2024,04,16,15,10.4,43,Good,12.0,UG/M3,1 Hr,Valid
Astana,PM2.5 - Principal,2024-04-16 04:00 PM,2024,04,16,16,16.7,61,Moderate,23.0,UG/M3,1 Hr,Valid
Astana,PM2.5 - Principal,2024-04-16 05:00 PM,2024,04,16,17,12.8,52,Moderate,9.0,UG/M3,1 Hr,Valid
Astana,PM2.5 - Principal,2024-04-16 06:00 PM,2024,04,16,18,10.9,45,Good,9.0,UG/M3,1 Hr,Valid
Astana,PM2.5 - Principal,2024-04-16 07:00 PM,2024,04,16,19,11.4,48,Good,12.0,UG/M3,1 Hr,Valid
Astana,PM2.5 - Principal,2024-04-16 08:00 PM,2024,04,16,20,12.7,52,Moderate,14.0,UG/M3,1 Hr,Valid
Astana,PM2.5 - Principal,2024-04-16 09:00 PM,2024,04,16,21,13.3,54,Moderate,14.0,UG/M3,1 Hr,Valid
Astana,PM2.5 - Principal,2024-04-16 10:00 PM,2024,04,16,22,16.1,59,Moderate,19.0,UG/M3,1 Hr,Valid
Astana,PM2.5 - Principal,2024-04-16 11:00 PM,2024,04,16,23,21.0,70,Moderate,26.0,UG/M3,1 Hr,Valid
Astana,PM2.5 - Principal,2024-04-17 12:00 AM,2024,04,17,00,17.5,62,Moderate,14.0,UG/M3,1 Hr,Valid
Astana,PM2.5 - Principal,2024-04-17 01:00 AM,2024,04,17,01,15.7,59,Moderate,14.0,UG/M3,1 Hr,Valid
Astana,PM2.5 - Principal,2024-04-17 02:00 AM,2024,04,17,02,13.8,55,Moderate,12.0,UG/M3,1 Hr,Valid
Astana,PM2.5 - Principal,2024-04-17 03:00 AM,2024,04,17,03,12.9,53,Moderate,12.0,UG/M3,1 Hr,Valid
Astana,PM2.5 - Principal,2024-04-17 04:00 AM,2024,04,17,04,12.4,52,Moderate,12.0,UG/M3,1 Hr,Valid
Astana,PM2.5 - Principal,2024-04-17 05:00 AM,2024,04,17,05,11.2,47,Good,10.0,UG/M3,1 Hr,Valid
Astana,PM2.5 - Principal,2024-04-17 06:00 AM,2024,04,17,06,11.1,46,Good,11.0,UG/M3,1 Hr,Valid
Astana,PM2.5 - Principal,2024-04-17 07:00 AM,2024,04,17,07,9.5,40,Good,8.0,UG/M3,1 Hr,Valid
Astana,PM2.5 - Principal,2024-04-17 08:00 AM,2024,04,17,08,10.7,45,Good,12.0,UG/M3,1 Hr,Valid
Astana,PM2.5 - Principal,2024-04-17 09:00 AM,2024,04,17,09,13.3,54,Moderate,16.0,UG/M3,1 Hr,Valid
Astana,PM2.5 - Principal,2024-04-17 10:00 AM,2024,04,17,10,14.1,55,Moderate,15.0,UG/M3,1 Hr,Valid
Astana,PM2.5 - Principal,2024-04-17 11:00 AM,2024,04,17,11,15.5,58,Moderate,17.0,UG/M3,1 Hr,Valid
Astana,PM2.5 - Principal,2024-04-17 12:00 PM,2024,04,17,12,15.7,59,Moderate,16.0,UG/M3,1 Hr,Valid
Astana,PM2.5 - Principal,2024-04-17 01:00 PM,2024,04,17,13,14.3,56,Moderate,13.0,UG/M3,1 Hr,Valid
Astana,PM2.5 - Principal,2024-04-17 02:00 PM,2024,04,17,14,12.1,51,Moderate,10.0,UG/M3,1 Hr,Valid
Astana,PM2.5 - Principal,2024-04-17 03:00 PM,2024,04,17,15,12.0,50,Good,12.0,UG/M3,1 Hr,Valid
Astana,PM2.5 - Principal,2024-04-17 04:00 PM,2024,04,17,16,11.5,48,Good,11.0,UG/M3,1 Hr,Valid
Astana,PM2.5 - Principal,2024-04-17 05:00 PM,2024,04,17,17,11.7,49,Good,12.0,UG/M3,1 Hr,Valid
Astana,PM2.5 - Principal,2024-04-17 06:00 PM,2024,04,17,18,11.3,47,Good,11.0,UG/M3,1 Hr,Valid
Astana,PM2.5 - Principal,2024-04-17 07:00 PM,2024,04,17,19,11.7,49,Good,12.0,UG/M3,1 Hr,Valid
Astana,PM2.5 - Principal,2024-04-17 08:00 PM,2024,04,17,20,12.2,51,Moderate,13.0,UG/M3,1 Hr,Valid
Astana,PM2.5 - Principal,2024-04-17 09:00 PM,2024,04,17,21,14.8,57,Moderate,18.0,UG/M3,1 Hr,Valid
Astana,PM2.5 - Principal,2024-04-17 10:00 PM,2024,04,17,22,14.9,57,Moderate,15.0,UG/M3,1 Hr,Valid
Astana,PM2.5 - Principal,2024-04-17 11:00 PM,2024,04,17,23,16.2,60,Moderate,18.0,UG/M3,1 Hr,Valid
Astana,PM2.5 - Principal,2024-04-18 12:00 AM,2024,04,18,00,17.0,61,Moderate,18.0,UG/M3,1 Hr,Valid
Astana,PM2.5 - Principal,2024-04-18 01:00 AM,2024,04,18,01,15.2,58,Moderate,13.0,UG/M3,1 Hr,Valid
Astana,PM2.5 - Principal,2024-04-18 02:00 AM,2024,04,18,02,16.3,60,Moderate,18.0,UG/M3,1 Hr,Valid
Astana,PM2.5 - Principal,2024-04-18 03:00 AM,2024,04,18,03,19.2,66,Moderate,22.0,UG/M3,1 Hr,Valid
Astana,PM2.5 - Principal,2024-04-18 04:00 AM,2024,04,18,04,21.1,70,Moderate,23.0,UG/M3,1 Hr,Valid
Astana,PM2.5 - Principal,2024-04-18 05:00 AM,2024,04,18,05,20.5,69,Moderate,20.0,UG/M3,1 Hr,Valid
Astana,PM2.5 - Principal,2024-04-18 06:00 AM,2024,04,18,06,22.2,72,Moderate,24.0,UG/M3,1 Hr,Valid
Astana,PM2.5 - Principal,2024-04-18 07:00 AM,2024,04,18,07,19.2,66,Moderate,16.0,UG/M3,1 Hr,Valid
Astana,PM2.5 - Principal,2024-04-18 08:00 AM,2024,04,18,08,18.2,64,Moderate,17.0,UG/M3,1 Hr,Valid
Astana,PM2.5 - Principal,2024-04-18 09:00 AM,2024,04,18,09,16.7,61,Moderate,15.0,UG/M3,1 Hr,Valid
Astana,PM2.5 - Principal,2024-04-18 10:00 AM,2024,04,18,10,16.8,61,Moderate,17.0,UG/M3,1 Hr,Valid
Astana,PM2.5 - Principal,2024-04-18 11:00 AM,2024,04,18,11,13.8,55,Moderate,11.0,UG/M3,1 Hr,Valid
Astana,PM2.5 - Principal,2024-04-18 12:00 PM,2024,04,18,12,12.9,53,Moderate,12.0,UG/M3,1 Hr,Valid
Astana,PM2.5 - Principal,2024-04-18 01:00 PM,2024,04,18,13,13.9,55,Moderate,15.0,UG/M3,1 Hr,Valid
Astana,PM2.5 - Principal,2024-04-18 02:00 PM,2024,04,18,14,14.9,57,Moderate,16.0,UG/M3,1 Hr,Valid
Astana,PM2.5 - Principal,2024-04-18 03:00 PM,2024,04,18,15,14.4,56,Moderate,14.0,UG/M3,1 Hr,Valid
Astana,PM2.5 - Principal,2024-04-18 04:00 PM,2024,04,18,16,13.2,53,Moderate,12.0,UG/M3,1 Hr,Valid
Astana,PM2.5 - Principal,2024-04-18 05:00 PM,2024,04,18,17,14.1,55,Moderate,15.0,UG/M3,1 Hr,Valid
Astana,PM2.5 - Principal,2024-04-18 06:00 PM,2024,04,18,18,13.6,54,Moderate,13.0,UG/M3,1 Hr,Valid
Astana,PM2.5 - Principal,2024-04-18 07:00 PM,2024,04,18,19,15.3,58,Moderate,18.0,UG/M3,1 Hr,Valid
Astana,PM2.5 - Principal,2024-04-18 08:00 PM,2024,04,18,20,14.0,55,Moderate,12.0,UG/M3,1 Hr,Valid
Astana,PM2.5 - Principal,2024-04-18 09:00 PM,2024,04,18,21,12.8,52,Moderate,11.0,UG/M3,1 Hr,Valid
Astana,PM2.5 - Principal,2024-04-18 10:00 PM,2024,04,18,22,12.1,51,Moderate,11.0,UG/M3,1 Hr,Valid
Astana,PM2.5 - Principal,2024-04-18 11:00 PM,2024,04,18,23,11.0,46,Good,10.0,UG/M3,1 Hr,Valid
Astana,PM2.5 - Principal,2024-04-19 12:00 AM,2024,04,19,00,11.0,46,Good,11.0,UG/M3,1 Hr,Valid
Astana,PM2.5 - Principal,2024-04-19 01:00 AM,2024,04,19,01,11.9,50,Good,13.0,UG/M3,1 Hr,Valid
Astana,PM2.5 - Principal,2024-04-19 02:00 AM,2024,04,19,02,11.9,50,Good,12.0,UG/M3,1 Hr,Valid
Astana,PM2.5 - Principal,2024-04-19 03:00 AM,2024,04,19,03,11.9,50,Good,12.0,UG/M3,1 Hr,Valid
Astana,PM2.5 - Principal,2024-04-19 04:00 AM,2024,04,19,04,11.0,46,Good,10.0,UG/M3,1 Hr,Valid
Astana,PM2.5 - Principal,2024-04-19 05:00 AM,2024,04,19,05,11.0,46,Good,11.0,UG/M3,1 Hr,Valid
Astana,PM2.5 - Principal,2024-04-19 06:00 AM,2024,04,19,06,11.9,50,Good,13.0,UG/M3,1 Hr,Valid
Astana,PM2.5 - Principal,2024-04-19 07:00 AM,2024,04,19,07,10.8,45,Good,9.0,UG/M3,1 Hr,Valid
Astana,PM2.5 - Principal,2024-04-19 08:00 AM,2024,04,19,08,11.2,47,Good,12.0,UG/M3,1 Hr,Valid
Astana,PM2.5 - Principal,2024-04-19 09:00 AM,2024,04,19,09,11.1,46,Good,11.0,UG/M3,1 Hr,Valid
Astana,PM2.5 - Principal,2024-04-19 10:00 AM,2024,04,19,10,18.0,63,Moderate,25.0,UG/M3,1 Hr,Valid
Astana,PM2.5 - Principal,2024-04-19 11:00 AM,2024,04,19,11,23.0,74,Moderate,28.0,UG/M3,1 Hr,Valid
Astana,PM2.5 - Principal,2024-04-19 12:00 PM,2024,04,19,12,37.5,106,Unhealthy for Sensitive Groups,52.0,UG/M3,1 Hr,Valid
Astana,PM2.5 - Principal,2024-04-19 01:00 PM,2024,04,19,13,38.7,109,Unhealthy for Sensitive Groups,40.0,UG/M3,1 Hr,Valid
Astana,PM2.5 - Principal,2024-04-19 02:00 PM,2024,04,19,14,31.3,91,Moderate,24.0,UG/M3,1 Hr,Valid
Astana,PM2.5 - Principal,2024-04-19 03:00 PM,2024,04,19,15,26.6,81,Moderate,22.0,UG/M3,1 Hr,Valid
Astana,PM2.5 - Principal,2024-04-19 04:00 PM,2024,04,19,16,27.3,83,Moderate,28.0,UG/M3,1 Hr,Valid
Astana,PM2.5 - Principal,2024-04-19 05:00 PM,2024,04,19,17,22.6,73,Moderate,18.0,UG/M3,1 Hr,Valid
Astana,PM2.5 - Principal,2024-04-19 06:00 PM,2024,04,19,18,21.3,70,Moderate,20.0,UG/M3,1 Hr,Valid
Astana,PM2.5 - Principal,2024-04-19 07:00 PM,2024,04,19,19,22.6,73,Moderate,24.0,UG/M3,1 Hr,Valid
Astana,PM2.5 - Principal,2024-04-19 08:00 PM,2024,04,19,20,33.8,97,Moderate,45.0,UG/M3,1 Hr,Valid
Astana,PM2.5 - Principal,2024-04-19 09:00 PM,2024,04,19,21,55.9,151,Unhealthy,78.0,UG/M3,1 Hr,Valid
Astana,PM2.5 - Principal,2024-04-19 10:00 PM,2024,04,19,22,36.4,103,Unhealthy for Sensitive Groups,17.0,UG/M3,1 Hr,Valid
Astana,PM2.5 - Principal,2024-04-19 11:00 PM,2024,04,19,23,24.7,77,Moderate,13.0,UG/M3,1 Hr,Valid
Astana,PM2.5 - Principal,2024-04-20 12:00 AM,2024,04,20,00,20.8,69,Moderate,17.0,UG/M3,1 Hr,Valid
Astana,PM2.5 - Principal,2024-04-20 01:00 AM,2024,04,20,01,18.9,65,Moderate,17.0,UG/M3,1 Hr,Valid
Astana,PM2.5 - Principal,2024-04-20 02:00 AM,2024,04,20,02,15.9,59,Moderate,13.0,UG/M3,1 Hr,Valid
Astana,PM2.5 - Principal,2024-04-20 03:00 AM,2024,04,20,03,14.4,56,Moderate,13.0,UG/M3,1 Hr,Valid
Astana,PM2.5 - Principal,2024-04-20 04:00 AM,2024,04,20,04,13.2,53,Moderate,12.0,UG/M3,1 Hr,Valid
Astana,PM2.5 - Principal,2024-04-20 05:00 AM,2024,04,20,05,13.1,53,Moderate,13.0,UG/M3,1 Hr,Valid
Astana,PM2.5 - Principal,2024-04-20 06:00 AM,2024,04,20,06,12.5,52,Moderate,12.0,UG/M3,1 Hr,Valid
Astana,PM2.5 - Principal,2024-04-20 07:00 AM,2024,04,20,07,16.2,60,Moderate,20.0,UG/M3,1 Hr,Valid
Astana,PM2.5 - Principal,2024-04-20 08:00 AM,2024,04,20,08,15.1,57,Moderate,14.0,UG/M3,1 Hr,Valid
Astana,PM2.5 - Principal,2024-04-20 09:00 AM,2024,04,20,09,13.7,54,Moderate,12.0,UG/M3,1 Hr,Valid
Astana,PM2.5 - Principal,2024-04-20 10:00 AM,2024,04,20,10,11.2,47,Good,9.0,UG/M3,1 Hr,Valid
Astana,PM2.5 - Principal,2024-04-20 11:00 AM,2024,04,20,11,13.1,53,Moderate,15.0,UG/M3,1 Hr,Valid
Astana,PM2.5 - Principal,2024-04-20 12:00 PM,2024,04,20,12,13.5,54,Moderate,14.0,UG/M3,1 Hr,Valid
Astana,PM2.5 - Principal,2024-04-20 01:00 PM,2024,04,20,13,15.2,58,Moderate,17.0,UG/M3,1 Hr,Valid
Astana,PM2.5 - Principal,2024-04-20 02:00 PM,2024,04,20,14,16.1,59,Moderate,17.0,UG/M3,1 Hr,Valid
Astana,PM2.5 - Principal,2024-04-20 03:00 PM,2024,04,20,15,15.5,58,Moderate,15.0,UG/M3,1 Hr,Valid
Astana,PM2.5 - Principal,2024-04-20 04:00 PM,2024,04,20,16,13.2,53,Moderate,11.0,UG/M3,1 Hr,Valid
Astana,PM2.5 - Principal,2024-04-20 05:00 PM,2024,04,20,17,13.1,53,Moderate,13.0,UG/M3,1 Hr,Valid
Astana,PM2.5 - Principal,2024-04-20 06:00 PM,2024,04,20,18,15.5,58,Moderate,18.0,UG/M3,1 Hr,Valid
Astana,PM2.5 - Principal,2024-04-20 07:00 PM,2024,04,20,19,15.7,59,Moderate,16.0,UG/M3,1 Hr,Valid
Astana,PM2.5 - Principal,2024-04-20 08:00 PM,2024,04,20,20,18.3,64,Moderate,21.0,UG/M3,1 Hr,Valid
Astana,PM2.5 - Principal,2024-04-20 09:00 PM,2024,04,20,21,18.6,65,Moderate,19.0,UG/M3,1 Hr,Valid
Astana,PM2.5 - Principal,2024-04-20 10:00 PM,2024,04,20,22,16.8,61,Moderate,15.0,UG/M3,1 Hr,Valid
Astana,PM2.5 - Principal,2024-04-20 11:00 PM,2024,04,20,23,15.0,57,Moderate,13.0,UG/M3,1 Hr,Valid
Astana,PM2.5 - Principal,2024-04-21 12:00 AM,2024,04,21,00,13.1,53,Moderate,11.0,UG/M3,1 Hr,Valid
Astana,PM2.5 - Principal,2024-04-21 01:00 AM,2024,04,21,01,10.4,43,Good,8.0,UG/M3,1 Hr,Valid
Astana,PM2.5 - Principal,2024-04-21 02:00 AM,2024,04,21,02,8.7,36,Good,7.0,UG/M3,1 Hr,Valid
Astana,PM2.5 - Principal,2024-04-21 03:00 AM,2024,04,21,03,8.8,37,Good,9.0,UG/M3,1 Hr,Valid
Astana,PM2.5 - Principal,2024-04-21 04:00 AM,2024,04,21,04,9.4,39,Good,10.0,UG/M3,1 Hr,Valid
Astana,PM2.5 - Principal,2024-04-21 05:00 AM,2024,04,21,05,9.7,40,Good,10.0,UG/M3,1 Hr,Valid
Astana,PM2.5 - Principal,2024-04-21 06:00 AM,2024,04,21,06,9.8,41,Good,10.0,UG/M3,1 Hr,Valid
Astana,PM2.5 - Principal,2024-04-21 07:00 AM,2024,04,21,07,8.9,37,Good,8.0,UG/M3,1 Hr,Valid
Astana,PM2.5 - Principal,2024-04-21 08:00 AM,2024,04,21,08,7.9,33,Good,7.0,UG/M3,1 Hr,Valid
Astana,PM2.5 - Principal,2024-04-21 09:00 AM,2024,04,21,09,8.9,37,Good,10.0,UG/M3,1 Hr,Valid
Astana,PM2.5 - Principal,2024-04-21 10:00 AM,2024,04,21,10,9.4,39,Good,10.0,UG/M3,1 Hr,Valid
Astana,PM2.5 - Principal,2024-04-21 11:00 AM,2024,04,21,11,11.7,49,Good,14.0,UG/M3,1 Hr,Valid
Astana,PM2.5 - Principal,2024-04-21 12:00 PM,2024,04,21,12,11.8,49,Good,12.0,UG/M3,1 Hr,Valid
Astana,PM2.5 - Principal,2024-04-21 01:00 PM,2024,04,21,13,13.9,55,Moderate,16.0,UG/M3,1 Hr,Valid
Astana,PM2.5 - Principal,2024-04-21 02:00 PM,2024,04,21,14,15.9,59,Moderate,18.0,UG/M3,1 Hr,Valid
Astana,PM2.5 - Principal,2024-04-21 03:00 PM,2024,04,21,15,16.9,61,Moderate,18.0,UG/M3,1 Hr,Valid
Astana,PM2.5 - Principal,2024-04-21 04:00 PM,2024,04,21,16,16.9,61,Moderate,17.0,UG/M3,1 Hr,Valid
Astana,PM2.5 - Principal,2024-04-21 05:00 PM,2024,04,21,17,16.9,61,Moderate,17.0,UG/M3,1 Hr,Valid
Astana,PM2.5 - Principal,2024-04-21 06:00 PM,2024,04,21,18,19.0,66,Moderate,21.0,UG/M3,1 Hr,Valid
Astana,PM2.5 - Principal,2024-04-21 07:00 PM,2024,04,21,19,21.5,71,Moderate,24.0,UG/M3,1 Hr,Valid
Astana,PM2.5 - Principal,2024-04-21 08:00 PM,2024,04,21,20,21.2,70,Moderate,21.0,UG/M3,1 Hr,Valid
Astana,PM2.5 - Principal,2024-04-21 09:00 PM,2024,04,21,21,29.6,88,Moderate,38.0,UG/M3,1 Hr,Valid
Astana,PM2.5 - Principal,2024-04-21 10:00 PM,2024,04,21,22,51.8,141,Unhealthy for Sensitive Groups,74.0,UG/M3,1 Hr,Valid
Astana,PM2.5 - Principal,2024-04-21 11:00 PM,2024,04,21,23,100.4,174,Unhealthy,149.0,UG/M3,1 Hr,Valid
Astana,PM2.5 - Principal,2024-04-22 12:00 AM,2024,04,22,00,144.7,197,Unhealthy,189.0,UG/M3,1 Hr,Valid
Astana,PM2.5 - Principal,2024-04-22 01:00 AM,2024,04,22,01,100.8,174,Unhealthy,57.0,UG/M3,1 Hr,Valid
Astana,PM2.5 - Principal,2024-04-22 02:00 AM,2024,04,22,02,74.9,161,Unhealthy,49.0,UG/M3,1 Hr,Valid
Astana,PM2.5 - Principal,2024-04-22 03:00 AM,2024,04,22,03,51.4,140,Unhealthy for Sensitive Groups,28.0,UG/M3,1 Hr,Valid
Astana,PM2.5 - Principal,2024-04-22 04:00 AM,2024,04,22,04,51.7,141,Unhealthy for Sensitive Groups,52.0,UG/M3,1 Hr,Valid
Astana,PM2.5 - Principal,2024-04-22 05:00 AM,2024,04,22,05,46.8,129,Unhealthy for Sensitive Groups,42.0,UG/M3,1 Hr,Valid
Astana,PM2.5 - Principal,2024-04-22 06:00 AM,2024,04,22,06,37.4,106,Unhealthy for Sensitive Groups,28.0,UG/M3,1 Hr,Valid
Astana,PM2.5 - Principal,2024-04-22 07:00 AM,2024,04,22,07,27.2,83,Moderate,17.0,UG/M3,1 Hr,Valid
Astana,PM2.5 - Principal,2024-04-22 08:00 AM,2024,04,22,08,24.1,76,Moderate,21.0,UG/M3,1 Hr,Valid
Astana,PM2.5 - Principal,2024-04-22 09:00 AM,2024,04,22,09,26.5,81,Moderate,29.0,UG/M3,1 Hr,Valid
Astana,PM2.5 - Principal,2024-04-22 10:00 AM,2024,04,22,10,19.7,67,Moderate,13.0,UG/M3,1 Hr,Valid
Astana,PM2.5 - Principal,2024-04-22 11:00 AM,2024,04,22,11,17.8,63,Moderate,16.0,UG/M3,1 Hr,Valid
Astana,PM2.5 - Principal,2024-04-22 12:00 PM,2024,04,22,12,15.9,59,Moderate,14.0,UG/M3,1 Hr,Valid
Astana,PM2.5 - Principal,2024-04-22 01:00 PM,2024,04,22,13,14.4,56,Moderate,13.0,UG/M3,1 Hr,Valid
Astana,PM2.5 - Principal,2024-04-22 02:00 PM,2024,04,22,14,12.7,52,Moderate,11.0,UG/M3,1 Hr,Valid
Astana,PM2.5 - Principal,2024-04-22 03:00 PM,2024,04,22,15,11.3,47,Good,10.0,UG/M3,1 Hr,Valid
Astana,PM2.5 - Principal,2024-04-22 04:00 PM,2024,04,22,16,11.6,48,Good,12.0,UG/M3,1 Hr,Valid
Astana,PM2.5 - Principal,2024-04-22 05:00 PM,2024,04,22,17,10.8,45,Good,10.0,UG/M3,1 Hr,Valid
Astana,PM2.5 - Principal,2024-04-22 06:00 PM,2024,04,22,18,9.9,41,Good,9.0,UG/M3,1 Hr,Valid
Astana,PM2.5 - Principal,2024-04-22 07:00 PM,2024,04,22,19,11.4,48,Good,13.0,UG/M3,1 Hr,Valid
Astana,PM2.5 - Principal,2024-04-22 08:00 PM,2024,04,22,20,12.2,51,Moderate,13.0,UG/M3,1 Hr,Valid
Astana,PM2.5 - Principal,2024-04-22 09:00 PM,2024,04,22,21,15.6,58,Moderate,19.0,UG/M3,1 Hr,Valid
Astana,PM2.5 - Principal,2024-04-22 10:00 PM,2024,04,22,22,16.8,61,Moderate,18.0,UG/M3,1 Hr,Valid
Astana,PM2.5 - Principal,2024-04-22 11:00 PM,2024,04,22,23,16.9,61,Moderate,17.0,UG/M3,1 Hr,Valid
Astana,PM2.5 - Principal,2024-04-23 12:00 AM,2024,04,23,00,13.9,55,Moderate,11.0,UG/M3,1 Hr,Valid
Astana,PM2.5 - Principal,2024-04-23 01:00 AM,2024,04,23,01,12.9,53,Moderate,12.0,UG/M3,1 Hr,Valid
Astana,PM2.5 - Principal,2024-04-23 02:00 AM,2024,04,23,02,14.9,57,Moderate,17.0,UG/M3,1 Hr,Valid
Astana,PM2.5 - Principal,2024-04-23 03:00 AM,2024,04,23,03,21.9,72,Moderate,29.0,UG/M3,1 Hr,Valid
Astana,PM2.5 - Principal,2024-04-23 04:00 AM,2024,04,23,04,15.4,58,Moderate,9.0,UG/M3,1 Hr,Valid
Astana,PM2.5 - Principal,2024-04-23 05:00 AM,2024,04,23,05,15.7,59,Moderate,16.0,UG/M3,1 Hr,Valid
Astana,PM2.5 - Principal,2024-04-23 06:00 AM,2024,04,23,06,16.8,61,Moderate,18.0,UG/M3,1 Hr,Valid
Astana,PM2.5 - Principal,2024-04-23 07:00 AM,2024,04,23,07,12.4,52,Moderate,8.0,UG/M3,1 Hr,Valid
Astana,PM2.5 - Principal,2024-04-23 08:00 AM,2024,04,23,08,9.7,40,Good,7.0,UG/M3,1 Hr,Valid
Astana,PM2.5 - Principal,2024-04-23 09:00 AM,2024,04,23,09,7.8,33,Good,6.0,UG/M3,1 Hr,Valid
Astana,PM2.5 - Principal,2024-04-23 10:00 AM,2024,04,23,10,6.9,29,Good,6.0,UG/M3,1 Hr,Valid
Astana,PM2.5 - Principal,2024-04-23 11:00 AM,2024,04,23,11,5.4,23,Good,4.0,UG/M3,1 Hr,Valid
Astana,PM2.5 - Principal,2024-04-23 12:00 PM,2024,04,23,12,3.2,13,Good,1.0,UG/M3,1 Hr,Valid
Astana,PM2.5 - Principal,2024-04-23 01:00 PM,2024,04,23,13,4.1,17,Good,5.0,UG/M3,1 Hr,Valid
Astana,PM2.5 - Principal,2024-04-23 02:00 PM,2024,04,23,14,4.5,19,Good,5.0,UG/M3,1 Hr,Valid
Astana,PM2.5 - Principal,2024-04-23 03:00 PM,2024,04,23,15,5.7,24,Good,7.0,UG/M3,1 Hr,Valid
Astana,PM2.5 - Principal,2024-04-23 04:00 PM,2024,04,23,16,5.8,24,Good,6.0,UG/M3,1 Hr,Valid
Astana,PM2.5 - Principal,2024-04-23 05:00 PM,2024,04,23,17,7.4,31,Good,9.0,UG/M3,1 Hr,Valid
Astana,PM2.5 - Principal,2024-04-23 06:00 PM,2024,04,23,18,9.7,40,Good,12.0,UG/M3,1 Hr,Valid
Astana,PM2.5 - Principal,2024-04-23 07:00 PM,2024,04,23,19,12.3,51,Moderate,15.0,UG/M3,1 Hr,Valid
Astana,PM2.5 - Principal,2024-04-23 08:00 PM,2024,04,23,20,13.6,54,Moderate,15.0,UG/M3,1 Hr,Valid
Astana,PM2.5 - Principal,2024-04-23 09:00 PM,2024,04,23,21,15.3,58,Moderate,17.0,UG/M3,1 Hr,Valid
Astana,PM2.5 - Principal,2024-04-23 10:00 PM,2024,04,23,22,15.6,58,Moderate,16.0,UG/M3,1 Hr,Valid
Astana,PM2.5 - Principal,2024-04-23 11:00 PM,2024,04,23,23,13.3,54,Moderate,11.0,UG/M3,1 Hr,Valid
Astana,PM2.5 - Principal,2024-04-24 12:00 AM,2024,04,24,00,11.6,48,Good,10.0,UG/M3,1 Hr,Valid
Astana,PM2.5 - Principal,2024-04-24 01:00 AM,2024,04,24,01,10.3,43,Good,9.0,UG/M3,1 Hr,Valid
Astana,PM2.5 - Principal,2024-04-24 02:00 AM,2024,04,24,02,10.6,44,Good,11.0,UG/M3,1 Hr,Valid
Astana,PM2.5 - Principal,2024-04-24 03:00 AM,2024,04,24,03,10.8,45,Good,11.0,UG/M3,1 Hr,Valid
Astana,PM2.5 - Principal,2024-04-24 04:00 AM,2024,04,24,04,9.9,41,Good,9.0,UG/M3,1 Hr,Valid
Astana,PM2.5 - Principal,2024-04-24 05:00 AM,2024,04,24,05,9.5,40,Good,9.0,UG/M3,1 Hr,Valid
Astana,PM2.5 - Principal,2024-04-24 06:00 AM,2024,04,24,06,8.7,36,Good,8.0,UG/M3,1 Hr,Valid
Astana,PM2.5 - Principal,2024-04-24 07:00 AM,2024,04,24,07,8.3,35,Good,8.0,UG/M3,1 Hr,Valid
Astana,PM2.5 - Principal,2024-04-24 08:00 AM,2024,04,24,08,11.1,46,Good,14.0,UG/M3,1 Hr,Valid
Astana,PM2.5 - Principal,2024-04-24 09:00 AM,2024,04,24,09,11.0,46,Good,11.0,UG/M3,1 Hr,Valid
Astana,PM2.5 - Principal,2024-04-24 10:00 AM,2024,04,24,10,10.5,44,Good,10.0,UG/M3,1 Hr,Valid
Astana,PM2.5 - Principal,2024-04-24 11:00 AM,2024,04,24,11,11.5,48,Good,13.0,UG/M3,1 Hr,Valid
Astana,PM2.5 - Principal,2024-04-24 12:00 PM,2024,04,24,12,12.1,51,Moderate,13.0,UG/M3,1 Hr,Valid
Astana,PM2.5 - Principal,2024-04-24 01:00 PM,2024,04,24,13,10.8,45,Good,9.0,UG/M3,1 Hr,Valid
Astana,PM2.5 - Principal,2024-04-24 02:00 PM,2024,04,24,14,11.7,49,Good,13.0,UG/M3,1 Hr,Valid
Astana,PM2.5 - Principal,2024-04-24 03:00 PM,2024,04,24,15,10.5,44,Good,9.0,UG/M3,1 Hr,Valid
Astana,PM2.5 - Principal,2024-04-24 04:00 PM,2024,04,24,16,9.9,41,Good,9.0,UG/M3,1 Hr,Valid
Astana,PM2.5 - Principal,2024-04-24 05:00 PM,2024,04,24,17,11.2,47,Good,13.0,UG/M3,1 Hr,Valid
Astana,PM2.5 - Principal,2024-04-24 06:00 PM,2024,04,24,18,11.9,50,Good,13.0,UG/M3,1 Hr,Valid
Astana,PM2.5 - Principal,2024-04-24 07:00 PM,2024,04,24,19,13.1,53,Moderate,15.0,UG/M3,1 Hr,Valid
Astana,PM2.5 - Principal,2024-04-24 08:00 PM,2024,04,24,20,13.8,55,Moderate,15.0,UG/M3,1 Hr,Valid
Astana,PM2.5 - Principal,2024-04-24 09:00 PM,2024,04,24,21,13.5,54,Moderate,13.0,UG/M3,1 Hr,Valid
Astana,PM2.5 - Principal,2024-04-24 10:00 PM,2024,04,24,22,15.2,58,Moderate,17.0,UG/M3,1 Hr,Valid
Astana,PM2.5 - Principal,2024-04-24 11:00 PM,2024,04,24,23,13.7,54,Moderate,12.0,UG/M3,1 Hr,Valid
Astana,PM2.5 - Principal,2024-04-25 12:00 AM,2024,04,25,00,14.7,56,Moderate,16.0,UG/M3,1 Hr,Valid
Astana,PM2.5 - Principal,2024-04-25 01:00 AM,2024,04,25,01,13.0,53,Moderate,11.0,UG/M3,1 Hr,Valid
Astana,PM2.5 - Principal,2024-04-25 02:00 AM,2024,04,25,02,11.5,48,Good,10.0,UG/M3,1 Hr,Valid
Astana,PM2.5 - Principal,2024-04-25 03:00 AM,2024,04,25,03,13.1,53,Moderate,15.0,UG/M3,1 Hr,Valid
Astana,PM2.5 - Principal,2024-04-25 04:00 AM,2024,04,25,04,14.3,56,Moderate,16.0,UG/M3,1 Hr,Valid
Astana,PM2.5 - Principal,2024-04-25 05:00 AM,2024,04,25,05,15.0,57,Moderate,16.0,UG/M3,1 Hr,Valid
Astana,PM2.5 - Principal,2024-04-25 06:00 AM,2024,04,25,06,14.6,56,Moderate,14.0,UG/M3,1 Hr,Valid
Astana,PM2.5 - Principal,2024-04-25 07:00 AM,2024,04,25,07,13.9,55,Moderate,13.0,UG/M3,1 Hr,Valid
Astana,PM2.5 - Principal,2024-04-25 08:00 AM,2024,04,25,08,12.7,52,Moderate,11.0,UG/M3,1 Hr,Valid
Astana,PM2.5 - Principal,2024-04-25 09:00 AM,2024,04,25,09,12.0,50,Good,11.0,UG/M3,1 Hr,Valid
Astana,PM2.5 - Principal,2024-04-25 10:00 AM,2024,04,25,10,12.8,52,Moderate,14.0,UG/M3,1 Hr,Valid
Astana,PM2.5 - Principal,2024-04-25 11:00 AM,2024,04,25,11,12.9,53,Moderate,13.0,UG/M3,1 Hr,Valid
Astana,PM2.5 - Principal,2024-04-25 12:00 PM,2024,04,25,12,12.1,51,Moderate,11.0,UG/M3,1 Hr,Valid
Astana,PM2.5 - Principal,2024-04-25 01:00 PM,2024,04,25,13,11.7,49,Good,11.0,UG/M3,1 Hr,Valid
Astana,PM2.5 - Principal,2024-04-25 02:00 PM,2024,04,25,14,11.9,50,Good,12.0,UG/M3,1 Hr,Valid
Astana,PM2.5 - Principal,2024-04-25 03:00 PM,2024,04,25,15,11.9,50,Good,12.0,UG/M3,1 Hr,Valid
Astana,PM2.5 - Principal,2024-04-25 04:00 PM,2024,04,25,16,12.5,52,Moderate,14.0,UG/M3,1 Hr,Valid
Astana,PM2.5 - Principal,2024-04-25 05:00 PM,2024,04,25,17,12.5,52,Moderate,13.0,UG/M3,1 Hr,Valid
Astana,PM2.5 - Principal,2024-04-25 06:00 PM,2024,04,25,18,12.6,52,Moderate,13.0,UG/M3,1 Hr,Valid
Astana,PM2.5 - Principal,2024-04-25 07:00 PM,2024,04,25,19,13.8,55,Moderate,16.0,UG/M3,1 Hr,Valid
Astana,PM2.5 - Principal,2024-04-25 08:00 PM,2024,04,25,20,13.5,54,Moderate,13.0,UG/M3,1 Hr,Valid
Astana,PM2.5 - Principal,2024-04-25 09:00 PM,2024,04,25,21,14.0,55,Moderate,15.0,UG/M3,1 Hr,Valid
Astana,PM2.5 - Principal,2024-04-25 10:00 PM,2024,04,25,22,15.6,58,Moderate,18.0,UG/M3,1 Hr,Valid
Astana,PM2.5 - Principal,2024-04-25 11:00 PM,2024,04,25,23,15.4,58,Moderate,15.0,UG/M3,1 Hr,Valid
Astana,PM2.5 - Principal,2024-04-26 12:00 AM,2024,04,26,00,14.8,57,Moderate,14.0,UG/M3,1 Hr,Valid
Astana,PM2.5 - Principal,2024-04-26 01:00 AM,2024,04,26,01,13.3,54,Moderate,11.0,UG/M3,1 Hr,Valid
Astana,PM2.5 - Principal,2024-04-26 02:00 AM,2024,04,26,02,12.4,52,Moderate,11.0,UG/M3,1 Hr,Valid
Astana,PM2.5 - Principal,2024-04-26 03:00 AM,2024,04,26,03,12.6,52,Moderate,13.0,UG/M3,1 Hr,Valid
Astana,PM2.5 - Principal,2024-04-26 04:00 AM,2024,04,26,04,12.7,52,Moderate,13.0,UG/M3,1 Hr,Valid
Astana,PM2.5 - Principal,2024-04-26 05:00 AM,2024,04,26,05,13.2,53,Moderate,14.0,UG/M3,1 Hr,Valid
Astana,PM2.5 - Principal,2024-04-26 06:00 AM,2024,04,26,06,13.1,53,Moderate,13.0,UG/M3,1 Hr,Valid
Astana,PM2.5 - Principal,2024-04-26 07:00 AM,2024,04,26,07,12.3,51,Moderate,11.0,UG/M3,1 Hr,Valid
Astana,PM2.5 - Principal,2024-04-26 08:00 AM,2024,04,26,08,11.8,49,Good,11.0,UG/M3,1 Hr,Valid
Astana,PM2.5 - Principal,2024-04-26 09:00 AM,2024,04,26,09,13.4,54,Moderate,16.0,UG/M3,1 Hr,Valid
Astana,PM2.5 - Principal,2024-04-26 10:00 AM,2024,04,26,10,13.7,54,Moderate,15.0,UG/M3,1 Hr,Valid
Astana,PM2.5 - Principal,2024-04-26 11:00 AM,2024,04,26,11,12.9,53,Moderate,11.0,UG/M3,1 Hr,Valid
Astana,PM2.5 - Principal,2024-04-26 12:00 PM,2024,04,26,12,11.7,49,Good,10.0,UG/M3,1 Hr,Valid
Astana,PM2.5 - Principal,2024-04-26 01:00 PM,2024,04,26,13,8.6,36,Good,6.0,UG/M3,1 Hr,Valid
Astana,PM2.5 - Principal,2024-04-26 02:00 PM,2024,04,26,14,9.8,41,Good,11.0,UG/M3,1 Hr,Valid
Astana,PM2.5 - Principal,2024-04-26 03:00 PM,2024,04,26,15,8.9,37,Good,8.0,UG/M3,1 Hr,Valid
Astana,PM2.5 - Principal,2024-04-26 04:00 PM,2024,04,26,16,7.9,33,Good,7.0,UG/M3,1 Hr,Valid
Astana,PM2.5 - Principal,2024-04-26 05:00 PM,2024,04,26,17,9.9,41,Good,12.0,UG/M3,1 Hr,Valid
Astana,PM2.5 - Principal,2024-04-26 06:00 PM,2024,04,26,18,11.9,50,Good,14.0,UG/M3,1 Hr,Valid
Astana,PM2.5 - Principal,2024-04-26 07:00 PM,2024,04,26,19,9.9,41,Good,8.0,UG/M3,1 Hr,Valid
Astana,PM2.5 - Principal,2024-04-26 08:00 PM,2024,04,26,20,13.4,54,Moderate,17.0,UG/M3,1 Hr,Valid
Astana,PM2.5 - Principal,2024-04-26 09:00 PM,2024,04,26,21,23.7,75,Moderate,34.0,UG/M3,1 Hr,Valid
Astana,PM2.5 - Principal,2024-04-26 10:00 PM,2024,04,26,22,25.3,79,Moderate,27.0,UG/M3,1 Hr,Valid
Astana,PM2.5 - Principal,2024-04-26 11:00 PM,2024,04,26,23,22.1,72,Moderate,19.0,UG/M3,1 Hr,Valid
Astana,PM2.5 - Principal,2024-04-27 12:00 AM,2024,04,27,00,30.0,89,Moderate,38.0,UG/M3,1 Hr,Valid
Astana,PM2.5 - Principal,2024-04-27 01:00 AM,2024,04,27,01,31.5,92,Moderate,33.0,UG/M3,1 Hr,Valid
Astana,PM2.5 - Principal,2024-04-27 02:00 AM,2024,04,27,02,33.2,95,Moderate,35.0,UG/M3,1 Hr,Valid
Astana,PM2.5 - Principal,2024-04-27 03:00 AM,2024,04,27,03,30.1,89,Moderate,27.0,UG/M3,1 Hr,Valid
Astana,PM2.5 - Principal,2024-04-27 04:00 AM,2024,04,27,04,24.5,77,Moderate,19.0,UG/M3,1 Hr,Valid
Astana,PM2.5 - Principal,2024-04-27 05:00 AM,2024,04,27,05,29.2,87,Moderate,34.0,UG/M3,1 Hr,Valid
Astana,PM2.5 - Principal,2024-04-27 06:00 AM,2024,04,27,06,26.6,81,Moderate,24.0,UG/M3,1 Hr,Valid
Astana,PM2.5 - Principal,2024-04-27 07:00 AM,2024,04,27,07,19.8,67,Moderate,13.0,UG/M3,1 Hr,Valid
Astana,PM2.5 - Principal,2024-04-27 08:00 AM,2024,04,27,08,16.9,61,Moderate,14.0,UG/M3,1 Hr,Valid
Astana,PM2.5 - Principal,2024-04-27 09:00 AM,2024,04,27,09,15.4,58,Moderate,14.0,UG/M3,1 Hr,Valid
Astana,PM2.5 - Principal,2024-04-27 10:00 AM,2024,04,27,10,14.7,56,Moderate,14.0,UG/M3,1 Hr,Valid
Astana,PM2.5 - Principal,2024-04-27 11:00 AM,2024,04,27,11,15.8,59,Moderate,17.0,UG/M3,1 Hr,Valid
Astana,PM2.5 - Principal,2024-04-27 12:00 PM,2024,04,27,12,14.4,56,Moderate,13.0,UG/M3,1 Hr,Valid
Astana,PM2.5 - Principal,2024-04-27 01:00 PM,2024,04,27,13,13.7,54,Moderate,13.0,UG/M3,1 Hr,Valid
Astana,PM2.5 - Principal,2024-04-27 02:00 PM,2024,04,27,14,14.8,57,Moderate,16.0,UG/M3,1 Hr,Valid
Astana,PM2.5 - Principal,2024-04-27 03:00 PM,2024,04,27,15,13.9,55,Moderate,13.0,UG/M3,1 Hr,Valid
Astana,PM2.5 - Principal,2024-04-27 04:00 PM,2024,04,27,16,14.4,56,Moderate,15.0,UG/M3,1 Hr,Valid
Astana,PM2.5 - Principal,2024-04-27 05:00 PM,2024,04,27,17,12.7,52,Moderate,11.0,UG/M3,1 Hr,Valid
Astana,PM2.5 - Principal,2024-04-27 06:00 PM,2024,04,27,18,13.4,54,Moderate,14.0,UG/M3,1 Hr,Valid
Astana,PM2.5 - Principal,2024-04-27 07:00 PM,2024,04,27,19,15.7,59,Moderate,19.0,UG/M3,1 Hr,Valid
Astana,PM2.5 - Principal,2024-04-27 08:00 PM,2024,04,27,20,21.0,70,Moderate,26.0,UG/M3,1 Hr,Valid
Astana,PM2.5 - Principal,2024-04-27 09:00 PM,2024,04,27,21,34.0,97,Moderate,47.0,UG/M3,1 Hr,Valid
Astana,PM2.5 - Principal,2024-04-27 10:00 PM,2024,04,27,22,101.5,175,Unhealthy,169.0,UG/M3,1 Hr,Valid
Astana,PM2.5 - Principal,2024-04-27 11:00 PM,2024,04,27,23,159.2,210,Very Unhealthy,217.0,UG/M3,1 Hr,Valid
Astana,PM2.5 - Principal,2024-04-28 12:00 AM,2024,04,28,00,182.6,233,Very Unhealthy,206.0,UG/M3,1 Hr,Valid
Astana,PM2.5 - Principal,2024-04-28 01:00 AM,2024,04,28,01,149.8,200,Unhealthy,117.0,UG/M3,1 Hr,Valid
Astana,PM2.5 - Principal,2024-04-28 02:00 AM,2024,04,28,02,111.9,180,Unhealthy,74.0,UG/M3,1 Hr,Valid
Astana,PM2.5 - Principal,2024-04-28 03:00 AM,2024,04,28,03,84.4,166,Unhealthy,57.0,UG/M3,1 Hr,Valid
Astana,PM2.5 - Principal,2024-04-28 04:00 AM,2024,04,28,04,72.7,160,Unhealthy,61.0,UG/M3,1 Hr,Valid
Astana,PM2.5 - Principal,2024-04-28 05:00 AM,2024,04,28,05,59.3,153,Unhealthy,46.0,UG/M3,1 Hr,Valid
Astana,PM2.5 - Principal,2024-04-28 06:00 AM,2024,04,28,06,45.6,126,Unhealthy for Sensitive Groups,32.0,UG/M3,1 Hr,Valid
Astana,PM2.5 - Principal,2024-04-28 07:00 AM,2024,04,28,07,38.3,108,Unhealthy for Sensitive Groups,31.0,UG/M3,1 Hr,Valid
Astana,PM2.5 - Principal,2024-04-28 08:00 AM,2024,04,28,08,29.1,87,Moderate,20.0,UG/M3,1 Hr,Valid
Astana,PM2.5 - Principal,2024-04-28 09:00 AM,2024,04,28,09,22.0,72,Moderate,15.0,UG/M3,1 Hr,Valid
Astana,PM2.5 - Principal,2024-04-28 10:00 AM,2024,04,28,10,20.5,69,Moderate,19.0,UG/M3,1 Hr,Valid
Astana,PM2.5 - Principal,2024-04-28 11:00 AM,2024,04,28,11,15.7,59,Moderate,11.0,UG/M3,1 Hr,Valid
Astana,PM2.5 - Principal,2024-04-28 12:00 PM,2024,04,28,12,14.3,56,Moderate,13.0,UG/M3,1 Hr,Valid
Astana,PM2.5 - Principal,2024-04-28 01:00 PM,2024,04,28,13,13.1,53,Moderate,12.0,UG/M3,1 Hr,Valid
Astana,PM2.5 - Principal,2024-04-28 02:00 PM,2024,04,28,14,13.0,53,Moderate,13.0,UG/M3,1 Hr,Valid
Astana,PM2.5 - Principal,2024-04-28 03:00 PM,2024,04,28,15,13.5,54,Moderate,14.0,UG/M3,1 Hr,Valid
Astana,PM2.5 - Principal,2024-04-28 04:00 PM,2024,04,28,16,12.7,52,Moderate,12.0,UG/M3,1 Hr,Valid
Astana,PM2.5 - Principal,2024-04-28 05:00 PM,2024,04,28,17,14.3,56,Moderate,16.0,UG/M3,1 Hr,Valid
Astana,PM2.5 - Principal,2024-04-28 06:00 PM,2024,04,28,18,14.1,55,Moderate,14.0,UG/M3,1 Hr,Valid
Astana,PM2.5 - Principal,2024-04-28 07:00 PM,2024,04,28,19,12.0,50,Good,10.0,UG/M3,1 Hr,Valid
Astana,PM2.5 - Principal,2024-04-28 08:00 PM,2024,04,28,20,13.0,53,Moderate,14.0,UG/M3,1 Hr,Valid
Astana,PM2.5 - Principal,2024-04-28 09:00 PM,2024,04,28,21,12.5,52,Moderate,12.0,UG/M3,1 Hr,Valid
Astana,PM2.5 - Principal,2024-04-28 10:00 PM,2024,04,28,22,13.5,54,Moderate,15.0,UG/M3,1 Hr,Valid
Astana,PM2.5 - Principal,2024-04-28 11:00 PM,2024,04,28,23,15.5,58,Moderate,18.0,UG/M3,1 Hr,Valid
Astana,PM2.5 - Principal,2024-04-29 12:00 AM,2024,04,29,00,13.9,55,Moderate,12.0,UG/M3,1 Hr,Valid
Astana,PM2.5 - Principal,2024-04-29 01:00 AM,2024,04,29,01,13.5,54,Moderate,13.0,UG/M3,1 Hr,Valid
Astana,PM2.5 - Principal,2024-04-29 02:00 AM,2024,04,29,02,11.9,50,Good,10.0,UG/M3,1 Hr,Valid
Astana,PM2.5 - Principal,2024-04-29 03:00 AM,2024,04,29,03,11.0,46,Good,10.0,UG/M3,1 Hr,Valid
Astana,PM2.5 - Principal,2024-04-29 04:00 AM,2024,04,29,04,8.4,35,Good,6.0,UG/M3,1 Hr,Valid
Astana,PM2.5 - Principal,2024-04-29 05:00 AM,2024,04,29,05,12.7,52,Moderate,17.0,UG/M3,1 Hr,Valid
Astana,PM2.5 - Principal,2024-04-29 06:00 AM,2024,04,29,06,12.8,52,Moderate,13.0,UG/M3,1 Hr,Valid
Astana,PM2.5 - Principal,2024-04-29 07:00 AM,2024,04,29,07,13.9,55,Moderate,15.0,UG/M3,1 Hr,Valid
Astana,PM2.5 - Principal,2024-04-29 08:00 AM,2024,04,29,08,12.9,53,Moderate,12.0,UG/M3,1 Hr,Valid
Astana,PM2.5 - Principal,2024-04-29 09:00 AM,2024,04,29,09,12.4,52,Moderate,12.0,UG/M3,1 Hr,Valid
Astana,PM2.5 - Principal,2024-04-29 10:00 AM,2024,04,29,10,14.7,56,Moderate,17.0,UG/M3,1 Hr,Valid
Astana,PM2.5 - Principal,2024-04-29 11:00 AM,2024,04,29,11,13.8,55,Moderate,13.0,UG/M3,1 Hr,Valid
Astana,PM2.5 - Principal,2024-04-29 12:00 PM,2024,04,29,12,13.9,55,Moderate,14.0,UG/M3,1 Hr,Valid
Astana,PM2.5 - Principal,2024-04-29 01:00 PM,2024,04,29,13,15.4,58,Moderate,17.0,UG/M3,1 Hr,Valid
Astana,PM2.5 - Principal,2024-04-29 02:00 PM,2024,04,29,14,16.7,61,Moderate,18.0,UG/M3,1 Hr,Valid
Astana,PM2.5 - Principal,2024-04-29 03:00 PM,2024,04,29,15,14.3,56,Moderate,12.0,UG/M3,1 Hr,Valid
Astana,PM2.5 - Principal,2024-04-29 04:00 PM,2024,04,29,16,15.4,58,Moderate,17.0,UG/M3,1 Hr,Valid
Astana,PM2.5 - Principal,2024-04-29 05:00 PM,2024,04,29,17,12.3,51,Moderate,9.0,UG/M3,1 Hr,Valid
Astana,PM2.5 - Principal,2024-04-29 06:00 PM,2024,04,29,18,14.6,56,Moderate,17.0,UG/M3,1 Hr,Valid
Astana,PM2.5 - Principal,2024-04-29 07:00 PM,2024,04,29,19,13.8,55,Moderate,13.0,UG/M3,1 Hr,Valid
Astana,PM2.5 - Principal,2024-04-29 08:00 PM,2024,04,29,20,14.4,56,Moderate,15.0,UG/M3,1 Hr,Valid
Astana,PM2.5 - Principal,2024-04-29 09:00 PM,2024,04,29,21,14.2,55,Moderate,14.0,UG/M3,1 Hr,Valid
Astana,PM2.5 - Principal,2024-04-29 10:00 PM,2024,04,29,22,14.1,55,Moderate,14.0,UG/M3,1 Hr,Valid
Astana,PM2.5 - Principal,2024-04-29 11:00 PM,2024,04,29,23,13.0,53,Moderate,12.0,UG/M3,1 Hr,Valid
